ISO-10303-21;
HEADER;
/* Generated by software containing ST-Developer
 * from STEP Tools, Inc. (www.steptools.com) 
 */

FILE_DESCRIPTION(
/* description */ (''),
/* implementation_level */ '2;1');

FILE_NAME(
/* name */ 'Dial and Mount.step',
/* time_stamp */ '2026-10-01T15:11:41+01:00',
/* author */ (''),
/* organization */ (''),
/* preprocessor_version */ 'ST-DEVELOPER v20.2',
/* originating_system */ 'Autodesk Translation Framework v15.15.0.0',
/* authorisation */ '');

FILE_SCHEMA (('AUTOMOTIVE_DESIGN { 1 0 10303 214 3 1 1 }'));
ENDSEC;

DATA;
#10=MECHANICAL_DESIGN_GEOMETRIC_PRESENTATION_REPRESENTATION('',(#23,#24),
#2442);
#11=ITEM_DEFINED_TRANSFORMATION($,$,#1357,#1479);
#12=ITEM_DEFINED_TRANSFORMATION($,$,#1429,#1480);
#13=(
REPRESENTATION_RELATIONSHIP($,$,#2456,#2455)
REPRESENTATION_RELATIONSHIP_WITH_TRANSFORMATION(#11)
SHAPE_REPRESENTATION_RELATIONSHIP()
);
#14=(
REPRESENTATION_RELATIONSHIP($,$,#2457,#2455)
REPRESENTATION_RELATIONSHIP_WITH_TRANSFORMATION(#12)
SHAPE_REPRESENTATION_RELATIONSHIP()
);
#15=CONTEXT_DEPENDENT_SHAPE_REPRESENTATION(#13,#2453);
#16=CONTEXT_DEPENDENT_SHAPE_REPRESENTATION(#14,#2454);
#17=NEXT_ASSEMBLY_USAGE_OCCURRENCE('rail connector:1',
'rail connector:1','rail connector:1',#2459,#2460,'rail connector:1');
#18=NEXT_ASSEMBLY_USAGE_OCCURRENCE('dial case:1','dial case:1',
'dial case:1',#2459,#2461,'dial case:1');
#19=SHAPE_REPRESENTATION_RELATIONSHIP('SRR','None',#2456,#21);
#20=SHAPE_REPRESENTATION_RELATIONSHIP('SRR','None',#2457,#22);
#21=ADVANCED_BREP_SHAPE_REPRESENTATION('',(#25),#2440);
#22=ADVANCED_BREP_SHAPE_REPRESENTATION('',(#26),#2441);
#23=STYLED_ITEM('',(#2474),#25);
#24=STYLED_ITEM('',(#2474),#26);
#25=MANIFOLD_SOLID_BREP('Body1',#1331);
#26=MANIFOLD_SOLID_BREP('Body1',#1332);
#27=CONICAL_SURFACE('',#1417,4.,0.785398163397448);
#28=CONICAL_SURFACE('',#1421,4.,0.785398163397448);
#29=CONICAL_SURFACE('',#1430,23.7,0.785398163397451);
#30=CONICAL_SURFACE('',#1435,23.7,0.78539816339745);
#31=FACE_BOUND('',#234,.T.);
#32=FACE_BOUND('',#236,.T.);
#33=FACE_BOUND('',#240,.T.);
#34=FACE_BOUND('',#253,.T.);
#35=FACE_BOUND('',#254,.T.);
#36=FACE_BOUND('',#283,.T.);
#37=FACE_BOUND('',#286,.T.);
#38=FACE_BOUND('',#287,.T.);
#39=FACE_BOUND('',#288,.T.);
#40=FACE_BOUND('',#289,.T.);
#41=FACE_BOUND('',#290,.T.);
#42=FACE_BOUND('',#291,.T.);
#43=FACE_BOUND('',#292,.T.);
#44=FACE_BOUND('',#293,.T.);
#45=FACE_BOUND('',#295,.T.);
#46=FACE_BOUND('',#296,.T.);
#47=FACE_BOUND('',#297,.T.);
#48=FACE_BOUND('',#298,.T.);
#49=FACE_BOUND('',#299,.T.);
#50=FACE_BOUND('',#300,.T.);
#51=FACE_BOUND('',#301,.T.);
#52=FACE_BOUND('',#302,.T.);
#53=FACE_BOUND('',#303,.T.);
#54=ELLIPSE('',#1378,66.1625131727192,25.);
#55=ELLIPSE('',#1379,66.3146902980798,25.4);
#56=ELLIPSE('',#1380,59.933569323062,25.);
#57=ELLIPSE('',#1381,60.1015202120735,25.4);
#58=ELLIPSE('',#1382,59.933569323062,25.);
#59=ELLIPSE('',#1386,66.3146902980798,25.4);
#60=ELLIPSE('',#1387,66.1625131727192,25.);
#61=ELLIPSE('',#1405,59.1550395788125,25.);
#62=B_SPLINE_SURFACE_WITH_KNOTS('',3,3,((#1954,#1955,#1956,#1957),(#1958,
#1959,#1960,#1961),(#1962,#1963,#1964,#1965),(#1966,#1967,#1968,#1969),
(#1970,#1971,#1972,#1973),(#1974,#1975,#1976,#1977),(#1978,#1979,#1980,
#1981)),.UNSPECIFIED.,.F.,.F.,.F.,(4,1,1,1,4),(4,4),(0.,0.285714285714286,
0.571428571428571,0.857142857142857,1.),(-1.03752460494482,-0.788392343452201),
 .UNSPECIFIED.);
#63=B_SPLINE_SURFACE_WITH_KNOTS('',3,3,((#2055,#2056,#2057,#2058,#2059,
#2060),(#2061,#2062,#2063,#2064,#2065,#2066),(#2067,#2068,#2069,#2070,#2071,
#2072),(#2073,#2074,#2075,#2076,#2077,#2078),(#2079,#2080,#2081,#2082,#2083,
#2084),(#2085,#2086,#2087,#2088,#2089,#2090),(#2091,#2092,#2093,#2094,#2095,
#2096)),.UNSPECIFIED.,.F.,.F.,.F.,(4,1,1,1,4),(4,1,1,4),(0.,0.285714285714286,
0.571428571428571,0.785714285714286,1.),(-0.252729696732468,0.0274355080849316,
0.307600712902331,0.727848520128431),.UNSPECIFIED.);
#64=B_SPLINE_SURFACE_WITH_KNOTS('',3,3,((#2127,#2128,#2129,#2130),(#2131,
#2132,#2133,#2134),(#2135,#2136,#2137,#2138),(#2139,#2140,#2141,#2142),
(#2143,#2144,#2145,#2146),(#2147,#2148,#2149,#2150)),.UNSPECIFIED.,.F.,
 .F.,.F.,(4,1,1,4),(4,4),(0.,0.285714285714286,0.571428571428571,1.),(-1.16018303481525,
-1.12348983178408),.UNSPECIFIED.);
#65=B_SPLINE_CURVE_WITH_KNOTS('',3,(#1916,#1917,#1918,#1919,#1920,#1921,
#1922,#1923,#1924,#1925,#1926,#1927,#1928,#1929,#1930,#1931),
 .UNSPECIFIED.,.F.,.F.,(4,2,2,2,2,2,2,4),(-0.000437524973671105,0.,0.0271173239378867,
0.0508283339709498,0.0677107501746162,0.0805357496364315,0.0926472590472941,
0.106229420798607),.UNSPECIFIED.);
#66=B_SPLINE_CURVE_WITH_KNOTS('',3,(#1932,#1933,#1934,#1935),
 .UNSPECIFIED.,.F.,.F.,(4,4),(-0.0634157429221249,-0.0630257972062905),
 .UNSPECIFIED.);
#67=B_SPLINE_CURVE_WITH_KNOTS('',3,(#1987,#1988,#1989,#1990,#1991,#1992,
#1993,#1994,#1995,#1996,#1997,#1998,#1999,#2000,#2001,#2002,#2003,#2004,
#2005,#2006,#2007,#2008,#2009,#2010,#2011,#2012,#2013,#2014,#2015,#2016,
#2017,#2018,#2019,#2020,#2021,#2022,#2023,#2024,#2025,#2026,#2027,#2028,
#2029,#2030,#2031,#2032),.UNSPECIFIED.,.F.,.F.,(4,3,3,3,3,3,3,3,3,3,3,3,
3,3,3,4),(-0.000309610784977107,0.,0.00731960358763806,0.00998985371928592,
0.0171313793968722,0.0199042125595642,0.026739497497,0.0278955743429769,
0.0347776463898842,0.0363371253695171,0.0431290625471462,0.0495761707472702,
0.0513759768557686,0.0549070568656376,0.0616649232397514,0.0657733708630604),
 .UNSPECIFIED.);
#68=B_SPLINE_CURVE_WITH_KNOTS('',3,(#2033,#2034,#2035,#2036,#2037,#2038,
#2039,#2040,#2041,#2042,#2043,#2044,#2045,#2046,#2047,#2048,#2049,#2050,
#2051,#2052,#2053,#2054),.UNSPECIFIED.,.F.,.F.,(4,3,3,3,3,3,3,4),(0.0787899443110194,
0.0789074319248979,0.0862630087073122,0.092219570937392,0.0964819199092326,
0.102194354724864,0.109162084036179,0.112764073231987),.UNSPECIFIED.);
#69=B_SPLINE_CURVE_WITH_KNOTS('',3,(#2099,#2100,#2101,#2102,#2103,#2104,
#2105,#2106,#2107,#2108,#2109,#2110,#2111,#2112,#2113,#2114),
 .UNSPECIFIED.,.F.,.F.,(4,2,2,2,2,2,2,4),(0.,0.120253776370055,0.156475116375984,
0.178107851296726,0.197420760190728,0.221871737294475,0.268851863426727,
0.367918425080925),.UNSPECIFIED.);
#70=B_SPLINE_CURVE_WITH_KNOTS('',3,(#2162,#2163,#2164,#2165,#2166,#2167,
#2168,#2169,#2170,#2171,#2172,#2173,#2174,#2175),.UNSPECIFIED.,.F.,.F.,
(4,2,2,2,2,2,4),(0.120174745337961,0.122385500405656,0.137289625307528,
0.153223179702181,0.169156734096833,0.18741396670203,0.205671199307228),
 .UNSPECIFIED.);
#71=CYLINDRICAL_SURFACE('',#1367,0.4);
#72=CYLINDRICAL_SURFACE('',#1383,0.4);
#73=CYLINDRICAL_SURFACE('',#1385,0.4);
#74=CYLINDRICAL_SURFACE('',#1388,0.4);
#75=CYLINDRICAL_SURFACE('',#1390,0.4);
#76=CYLINDRICAL_SURFACE('',#1391,0.4);
#77=CYLINDRICAL_SURFACE('',#1395,25.);
#78=CYLINDRICAL_SURFACE('',#1398,5.1);
#79=CYLINDRICAL_SURFACE('',#1404,25.);
#80=CYLINDRICAL_SURFACE('',#1419,2.5);
#81=CYLINDRICAL_SURFACE('',#1423,2.5);
#82=CYLINDRICAL_SURFACE('',#1433,23.2);
#83=CYLINDRICAL_SURFACE('',#1438,24.2);
#84=CYLINDRICAL_SURFACE('',#1439,5.1);
#85=CYLINDRICAL_SURFACE('',#1451,1.825);
#86=CYLINDRICAL_SURFACE('',#1462,1.75);
#87=CYLINDRICAL_SURFACE('',#1465,1.82500000000002);
#88=CYLINDRICAL_SURFACE('',#1468,1.74999999999999);
#89=CYLINDRICAL_SURFACE('',#1471,23.2);
#90=CYLINDRICAL_SURFACE('',#1475,25.);
#91=SPHERICAL_SURFACE('',#1363,0.399999999999996);
#92=SPHERICAL_SURFACE('',#1368,0.400000000000001);
#93=SPHERICAL_SURFACE('',#1374,0.399999999999988);
#94=CIRCLE('',#1361,0.4);
#95=CIRCLE('',#1364,0.4);
#96=CIRCLE('',#1365,0.399999999999996);
#97=CIRCLE('',#1366,0.4);
#98=CIRCLE('',#1369,0.4);
#99=CIRCLE('',#1370,0.400000000000001);
#100=CIRCLE('',#1371,0.400000000000003);
#101=CIRCLE('',#1372,0.400000000000001);
#102=CIRCLE('',#1373,0.4);
#103=CIRCLE('',#1375,0.4);
#104=CIRCLE('',#1376,0.399999999999989);
#105=CIRCLE('',#1377,0.399999999999999);
#106=CIRCLE('',#1384,0.4);
#107=CIRCLE('',#1389,0.4);
#108=CIRCLE('',#1392,0.4);
#109=CIRCLE('',#1396,25.);
#110=CIRCLE('',#1399,5.1);
#111=CIRCLE('',#1400,5.1);
#112=CIRCLE('',#1403,25.);
#113=CIRCLE('',#1407,5.5);
#114=CIRCLE('',#1409,5.5);
#115=CIRCLE('',#1418,2.5);
#116=CIRCLE('',#1420,2.5);
#117=CIRCLE('',#1422,2.5);
#118=CIRCLE('',#1424,2.5);
#119=CIRCLE('',#1431,23.2);
#120=CIRCLE('',#1432,24.2);
#121=CIRCLE('',#1434,23.2);
#122=CIRCLE('',#1436,24.2);
#123=CIRCLE('',#1437,23.2);
#124=CIRCLE('',#1440,5.1);
#125=CIRCLE('',#1441,5.1);
#126=CIRCLE('',#1452,1.825);
#127=CIRCLE('',#1453,1.825);
#128=CIRCLE('',#1463,1.75);
#129=CIRCLE('',#1464,1.75);
#130=CIRCLE('',#1466,1.82500000000002);
#131=CIRCLE('',#1467,1.82500000000002);
#132=CIRCLE('',#1469,1.74999999999999);
#133=CIRCLE('',#1470,1.74999999999999);
#134=CIRCLE('',#1472,23.2);
#135=CIRCLE('',#1474,25.);
#136=CIRCLE('',#1476,25.);
#137=FACE_OUTER_BOUND('',#209,.T.);
#138=FACE_OUTER_BOUND('',#210,.T.);
#139=FACE_OUTER_BOUND('',#211,.T.);
#140=FACE_OUTER_BOUND('',#212,.T.);
#141=FACE_OUTER_BOUND('',#213,.T.);
#142=FACE_OUTER_BOUND('',#214,.T.);
#143=FACE_OUTER_BOUND('',#215,.T.);
#144=FACE_OUTER_BOUND('',#216,.T.);
#145=FACE_OUTER_BOUND('',#217,.T.);
#146=FACE_OUTER_BOUND('',#218,.T.);
#147=FACE_OUTER_BOUND('',#219,.T.);
#148=FACE_OUTER_BOUND('',#220,.T.);
#149=FACE_OUTER_BOUND('',#221,.T.);
#150=FACE_OUTER_BOUND('',#222,.T.);
#151=FACE_OUTER_BOUND('',#223,.T.);
#152=FACE_OUTER_BOUND('',#224,.T.);
#153=FACE_OUTER_BOUND('',#225,.T.);
#154=FACE_OUTER_BOUND('',#226,.T.);
#155=FACE_OUTER_BOUND('',#227,.T.);
#156=FACE_OUTER_BOUND('',#228,.T.);
#157=FACE_OUTER_BOUND('',#229,.T.);
#158=FACE_OUTER_BOUND('',#230,.T.);
#159=FACE_OUTER_BOUND('',#231,.T.);
#160=FACE_OUTER_BOUND('',#232,.T.);
#161=FACE_OUTER_BOUND('',#233,.T.);
#162=FACE_OUTER_BOUND('',#235,.T.);
#163=FACE_OUTER_BOUND('',#237,.T.);
#164=FACE_OUTER_BOUND('',#238,.T.);
#165=FACE_OUTER_BOUND('',#239,.T.);
#166=FACE_OUTER_BOUND('',#241,.T.);
#167=FACE_OUTER_BOUND('',#242,.T.);
#168=FACE_OUTER_BOUND('',#243,.T.);
#169=FACE_OUTER_BOUND('',#244,.T.);
#170=FACE_OUTER_BOUND('',#245,.T.);
#171=FACE_OUTER_BOUND('',#246,.T.);
#172=FACE_OUTER_BOUND('',#247,.T.);
#173=FACE_OUTER_BOUND('',#248,.T.);
#174=FACE_OUTER_BOUND('',#249,.T.);
#175=FACE_OUTER_BOUND('',#250,.T.);
#176=FACE_OUTER_BOUND('',#251,.T.);
#177=FACE_OUTER_BOUND('',#252,.T.);
#178=FACE_OUTER_BOUND('',#255,.T.);
#179=FACE_OUTER_BOUND('',#256,.T.);
#180=FACE_OUTER_BOUND('',#257,.T.);
#181=FACE_OUTER_BOUND('',#258,.T.);
#182=FACE_OUTER_BOUND('',#259,.T.);
#183=FACE_OUTER_BOUND('',#260,.T.);
#184=FACE_OUTER_BOUND('',#261,.T.);
#185=FACE_OUTER_BOUND('',#262,.T.);
#186=FACE_OUTER_BOUND('',#263,.T.);
#187=FACE_OUTER_BOUND('',#264,.T.);
#188=FACE_OUTER_BOUND('',#265,.T.);
#189=FACE_OUTER_BOUND('',#266,.T.);
#190=FACE_OUTER_BOUND('',#267,.T.);
#191=FACE_OUTER_BOUND('',#268,.T.);
#192=FACE_OUTER_BOUND('',#269,.T.);
#193=FACE_OUTER_BOUND('',#270,.T.);
#194=FACE_OUTER_BOUND('',#271,.T.);
#195=FACE_OUTER_BOUND('',#272,.T.);
#196=FACE_OUTER_BOUND('',#273,.T.);
#197=FACE_OUTER_BOUND('',#274,.T.);
#198=FACE_OUTER_BOUND('',#275,.T.);
#199=FACE_OUTER_BOUND('',#276,.T.);
#200=FACE_OUTER_BOUND('',#277,.T.);
#201=FACE_OUTER_BOUND('',#278,.T.);
#202=FACE_OUTER_BOUND('',#279,.T.);
#203=FACE_OUTER_BOUND('',#280,.T.);
#204=FACE_OUTER_BOUND('',#281,.T.);
#205=FACE_OUTER_BOUND('',#282,.T.);
#206=FACE_OUTER_BOUND('',#284,.T.);
#207=FACE_OUTER_BOUND('',#285,.T.);
#208=FACE_OUTER_BOUND('',#294,.T.);
#209=EDGE_LOOP('',(#853,#854,#855,#856,#857,#858));
#210=EDGE_LOOP('',(#859,#860,#861,#862));
#211=EDGE_LOOP('',(#863,#864,#865,#866,#867,#868,#869,#870,#871,#872,#873,
#874,#875));
#212=EDGE_LOOP('',(#876,#877,#878,#879));
#213=EDGE_LOOP('',(#880,#881,#882));
#214=EDGE_LOOP('',(#883,#884,#885,#886,#887));
#215=EDGE_LOOP('',(#888,#889,#890,#891,#892,#893));
#216=EDGE_LOOP('',(#894,#895,#896));
#217=EDGE_LOOP('',(#897,#898,#899,#900,#901));
#218=EDGE_LOOP('',(#902,#903,#904,#905,#906,#907,#908));
#219=EDGE_LOOP('',(#909,#910,#911,#912));
#220=EDGE_LOOP('',(#913,#914,#915,#916));
#221=EDGE_LOOP('',(#917,#918,#919,#920));
#222=EDGE_LOOP('',(#921,#922,#923,#924));
#223=EDGE_LOOP('',(#925,#926,#927,#928));
#224=EDGE_LOOP('',(#929,#930,#931,#932));
#225=EDGE_LOOP('',(#933,#934,#935,#936,#937,#938));
#226=EDGE_LOOP('',(#939,#940,#941,#942));
#227=EDGE_LOOP('',(#943,#944,#945,#946));
#228=EDGE_LOOP('',(#947,#948,#949,#950,#951,#952,#953,#954,#955,#956,#957));
#229=EDGE_LOOP('',(#958,#959,#960,#961));
#230=EDGE_LOOP('',(#962));
#231=EDGE_LOOP('',(#963,#964,#965,#966,#967));
#232=EDGE_LOOP('',(#968,#969,#970,#971,#972));
#233=EDGE_LOOP('',(#973,#974,#975,#976));
#234=EDGE_LOOP('',(#977));
#235=EDGE_LOOP('',(#978,#979,#980,#981));
#236=EDGE_LOOP('',(#982));
#237=EDGE_LOOP('',(#983,#984,#985,#986,#987,#988,#989,#990));
#238=EDGE_LOOP('',(#991,#992,#993,#994));
#239=EDGE_LOOP('',(#995,#996,#997,#998,#999,#1000,#1001));
#240=EDGE_LOOP('',(#1002));
#241=EDGE_LOOP('',(#1003,#1004,#1005,#1006));
#242=EDGE_LOOP('',(#1007,#1008,#1009,#1010));
#243=EDGE_LOOP('',(#1011,#1012,#1013,#1014));
#244=EDGE_LOOP('',(#1015,#1016,#1017,#1018,#1019,#1020,#1021,#1022));
#245=EDGE_LOOP('',(#1023,#1024,#1025,#1026));
#246=EDGE_LOOP('',(#1027,#1028,#1029,#1030));
#247=EDGE_LOOP('',(#1031,#1032,#1033,#1034));
#248=EDGE_LOOP('',(#1035,#1036,#1037,#1038));
#249=EDGE_LOOP('',(#1039,#1040,#1041,#1042,#1043,#1044,#1045,#1046,#1047,
#1048));
#250=EDGE_LOOP('',(#1049,#1050,#1051,#1052));
#251=EDGE_LOOP('',(#1053,#1054,#1055,#1056));
#252=EDGE_LOOP('',(#1057,#1058,#1059,#1060));
#253=EDGE_LOOP('',(#1061));
#254=EDGE_LOOP('',(#1062));
#255=EDGE_LOOP('',(#1063,#1064,#1065,#1066));
#256=EDGE_LOOP('',(#1067,#1068,#1069,#1070));
#257=EDGE_LOOP('',(#1071,#1072,#1073,#1074));
#258=EDGE_LOOP('',(#1075,#1076,#1077,#1078));
#259=EDGE_LOOP('',(#1079,#1080,#1081,#1082));
#260=EDGE_LOOP('',(#1083));
#261=EDGE_LOOP('',(#1084,#1085,#1086,#1087));
#262=EDGE_LOOP('',(#1088,#1089,#1090,#1091));
#263=EDGE_LOOP('',(#1092,#1093,#1094,#1095));
#264=EDGE_LOOP('',(#1096,#1097,#1098,#1099));
#265=EDGE_LOOP('',(#1100,#1101,#1102,#1103));
#266=EDGE_LOOP('',(#1104,#1105,#1106,#1107));
#267=EDGE_LOOP('',(#1108,#1109,#1110,#1111));
#268=EDGE_LOOP('',(#1112,#1113,#1114,#1115));
#269=EDGE_LOOP('',(#1116,#1117,#1118,#1119));
#270=EDGE_LOOP('',(#1120,#1121,#1122,#1123));
#271=EDGE_LOOP('',(#1124,#1125,#1126,#1127));
#272=EDGE_LOOP('',(#1128,#1129,#1130,#1131));
#273=EDGE_LOOP('',(#1132,#1133,#1134,#1135));
#274=EDGE_LOOP('',(#1136,#1137,#1138,#1139));
#275=EDGE_LOOP('',(#1140,#1141,#1142,#1143));
#276=EDGE_LOOP('',(#1144,#1145,#1146,#1147));
#277=EDGE_LOOP('',(#1148,#1149,#1150,#1151));
#278=EDGE_LOOP('',(#1152,#1153,#1154,#1155));
#279=EDGE_LOOP('',(#1156,#1157,#1158,#1159));
#280=EDGE_LOOP('',(#1160,#1161,#1162,#1163));
#281=EDGE_LOOP('',(#1164,#1165,#1166,#1167));
#282=EDGE_LOOP('',(#1168));
#283=EDGE_LOOP('',(#1169));
#284=EDGE_LOOP('',(#1170,#1171,#1172,#1173));
#285=EDGE_LOOP('',(#1174));
#286=EDGE_LOOP('',(#1175,#1176,#1177,#1178));
#287=EDGE_LOOP('',(#1179,#1180,#1181,#1182));
#288=EDGE_LOOP('',(#1183));
#289=EDGE_LOOP('',(#1184,#1185,#1186,#1187));
#290=EDGE_LOOP('',(#1188,#1189,#1190,#1191));
#291=EDGE_LOOP('',(#1192));
#292=EDGE_LOOP('',(#1193));
#293=EDGE_LOOP('',(#1194));
#294=EDGE_LOOP('',(#1195));
#295=EDGE_LOOP('',(#1196));
#296=EDGE_LOOP('',(#1197));
#297=EDGE_LOOP('',(#1198));
#298=EDGE_LOOP('',(#1199,#1200,#1201,#1202));
#299=EDGE_LOOP('',(#1203,#1204,#1205,#1206));
#300=EDGE_LOOP('',(#1207));
#301=EDGE_LOOP('',(#1208,#1209,#1210,#1211));
#302=EDGE_LOOP('',(#1212,#1213,#1214,#1215));
#303=EDGE_LOOP('',(#1216));
#304=LINE('',#1861,#429);
#305=LINE('',#1863,#430);
#306=LINE('',#1865,#431);
#307=LINE('',#1867,#432);
#308=LINE('',#1869,#433);
#309=LINE('',#1870,#434);
#310=LINE('',#1873,#435);
#311=LINE('',#1875,#436);
#312=LINE('',#1876,#437);
#313=LINE('',#1879,#438);
#314=LINE('',#1881,#439);
#315=LINE('',#1885,#440);
#316=LINE('',#1887,#441);
#317=LINE('',#1889,#442);
#318=LINE('',#1891,#443);
#319=LINE('',#1893,#444);
#320=LINE('',#1895,#445);
#321=LINE('',#1897,#446);
#322=LINE('',#1898,#447);
#323=LINE('',#1901,#448);
#324=LINE('',#1902,#449);
#325=LINE('',#1912,#450);
#326=LINE('',#1914,#451);
#327=LINE('',#2122,#452);
#328=LINE('',#2123,#453);
#329=LINE('',#2125,#454);
#330=LINE('',#2126,#455);
#331=LINE('',#2157,#456);
#332=LINE('',#2158,#457);
#333=LINE('',#2176,#458);
#334=LINE('',#2177,#459);
#335=LINE('',#2182,#460);
#336=LINE('',#2183,#461);
#337=LINE('',#2186,#462);
#338=LINE('',#2187,#463);
#339=LINE('',#2189,#464);
#340=LINE('',#2194,#465);
#341=LINE('',#2196,#466);
#342=LINE('',#2198,#467);
#343=LINE('',#2200,#468);
#344=LINE('',#2201,#469);
#345=LINE('',#2202,#470);
#346=LINE('',#2207,#471);
#347=LINE('',#2216,#472);
#348=LINE('',#2217,#473);
#349=LINE('',#2222,#474);
#350=LINE('',#2223,#475);
#351=LINE('',#2227,#476);
#352=LINE('',#2229,#477);
#353=LINE('',#2232,#478);
#354=LINE('',#2234,#479);
#355=LINE('',#2235,#480);
#356=LINE('',#2238,#481);
#357=LINE('',#2240,#482);
#358=LINE('',#2241,#483);
#359=LINE('',#2243,#484);
#360=LINE('',#2245,#485);
#361=LINE('',#2249,#486);
#362=LINE('',#2253,#487);
#363=LINE('',#2257,#488);
#364=LINE('',#2261,#489);
#365=LINE('',#2266,#490);
#366=LINE('',#2267,#491);
#367=LINE('',#2268,#492);
#368=LINE('',#2270,#493);
#369=LINE('',#2272,#494);
#370=LINE('',#2279,#495);
#371=LINE('',#2283,#496);
#372=LINE('',#2289,#497);
#373=LINE('',#2292,#498);
#374=LINE('',#2297,#499);
#375=LINE('',#2303,#500);
#376=LINE('',#2305,#501);
#377=LINE('',#2307,#502);
#378=LINE('',#2308,#503);
#379=LINE('',#2311,#504);
#380=LINE('',#2313,#505);
#381=LINE('',#2314,#506);
#382=LINE('',#2317,#507);
#383=LINE('',#2319,#508);
#384=LINE('',#2320,#509);
#385=LINE('',#2322,#510);
#386=LINE('',#2323,#511);
#387=LINE('',#2327,#512);
#388=LINE('',#2329,#513);
#389=LINE('',#2331,#514);
#390=LINE('',#2332,#515);
#391=LINE('',#2335,#516);
#392=LINE('',#2337,#517);
#393=LINE('',#2338,#518);
#394=LINE('',#2341,#519);
#395=LINE('',#2343,#520);
#396=LINE('',#2344,#521);
#397=LINE('',#2346,#522);
#398=LINE('',#2347,#523);
#399=LINE('',#2352,#524);
#400=LINE('',#2357,#525);
#401=LINE('',#2359,#526);
#402=LINE('',#2361,#527);
#403=LINE('',#2362,#528);
#404=LINE('',#2365,#529);
#405=LINE('',#2367,#530);
#406=LINE('',#2368,#531);
#407=LINE('',#2371,#532);
#408=LINE('',#2373,#533);
#409=LINE('',#2374,#534);
#410=LINE('',#2376,#535);
#411=LINE('',#2377,#536);
#412=LINE('',#2381,#537);
#413=LINE('',#2383,#538);
#414=LINE('',#2385,#539);
#415=LINE('',#2386,#540);
#416=LINE('',#2389,#541);
#417=LINE('',#2391,#542);
#418=LINE('',#2392,#543);
#419=LINE('',#2395,#544);
#420=LINE('',#2397,#545);
#421=LINE('',#2398,#546);
#422=LINE('',#2400,#547);
#423=LINE('',#2401,#548);
#424=LINE('',#2406,#549);
#425=LINE('',#2412,#550);
#426=LINE('',#2418,#551);
#427=LINE('',#2423,#552);
#428=LINE('',#2429,#553);
#429=VECTOR('',#1487,10.);
#430=VECTOR('',#1488,10.);
#431=VECTOR('',#1489,10.);
#432=VECTOR('',#1490,10.);
#433=VECTOR('',#1491,10.);
#434=VECTOR('',#1492,10.);
#435=VECTOR('',#1495,10.);
#436=VECTOR('',#1496,10.);
#437=VECTOR('',#1497,10.);
#438=VECTOR('',#1500,10.);
#439=VECTOR('',#1501,10.);
#440=VECTOR('',#1504,10.);
#441=VECTOR('',#1505,10.);
#442=VECTOR('',#1506,10.);
#443=VECTOR('',#1507,10.);
#444=VECTOR('',#1508,10.);
#445=VECTOR('',#1509,10.);
#446=VECTOR('',#1510,10.);
#447=VECTOR('',#1511,10.);
#448=VECTOR('',#1514,10.);
#449=VECTOR('',#1515,10.);
#450=VECTOR('',#1526,10.);
#451=VECTOR('',#1527,10.);
#452=VECTOR('',#1562,10.);
#453=VECTOR('',#1563,10.);
#454=VECTOR('',#1566,10.);
#455=VECTOR('',#1567,10.);
#456=VECTOR('',#1576,10.);
#457=VECTOR('',#1577,10.);
#458=VECTOR('',#1580,10.);
#459=VECTOR('',#1581,10.);
#460=VECTOR('',#1586,10.);
#461=VECTOR('',#1587,10.);
#462=VECTOR('',#1590,10.);
#463=VECTOR('',#1591,10.);
#464=VECTOR('',#1594,10.);
#465=VECTOR('',#1601,10.);
#466=VECTOR('',#1602,10.);
#467=VECTOR('',#1603,10.);
#468=VECTOR('',#1604,10.);
#469=VECTOR('',#1605,10.);
#470=VECTOR('',#1606,10.);
#471=VECTOR('',#1611,5.1);
#472=VECTOR('',#1626,10.);
#473=VECTOR('',#1627,10.);
#474=VECTOR('',#1632,10.);
#475=VECTOR('',#1633,10.);
#476=VECTOR('',#1638,10.);
#477=VECTOR('',#1641,10.);
#478=VECTOR('',#1644,10.);
#479=VECTOR('',#1645,10.);
#480=VECTOR('',#1646,10.);
#481=VECTOR('',#1649,10.);
#482=VECTOR('',#1650,10.);
#483=VECTOR('',#1651,10.);
#484=VECTOR('',#1654,10.);
#485=VECTOR('',#1657,10.);
#486=VECTOR('',#1662,4.);
#487=VECTOR('',#1667,2.5);
#488=VECTOR('',#1672,4.);
#489=VECTOR('',#1677,2.5);
#490=VECTOR('',#1682,10.);
#491=VECTOR('',#1683,10.);
#492=VECTOR('',#1684,10.);
#493=VECTOR('',#1687,10.);
#494=VECTOR('',#1690,10.);
#495=VECTOR('',#1699,23.6999999999999);
#496=VECTOR('',#1704,23.2);
#497=VECTOR('',#1711,23.7000000000001);
#498=VECTOR('',#1716,24.2);
#499=VECTOR('',#1721,5.1);
#500=VECTOR('',#1728,10.);
#501=VECTOR('',#1729,10.);
#502=VECTOR('',#1730,10.);
#503=VECTOR('',#1731,10.);
#504=VECTOR('',#1734,10.);
#505=VECTOR('',#1735,10.);
#506=VECTOR('',#1736,10.);
#507=VECTOR('',#1739,10.);
#508=VECTOR('',#1740,10.);
#509=VECTOR('',#1741,10.);
#510=VECTOR('',#1744,10.);
#511=VECTOR('',#1745,10.);
#512=VECTOR('',#1748,10.);
#513=VECTOR('',#1749,10.);
#514=VECTOR('',#1750,10.);
#515=VECTOR('',#1751,10.);
#516=VECTOR('',#1754,10.);
#517=VECTOR('',#1755,10.);
#518=VECTOR('',#1756,10.);
#519=VECTOR('',#1759,10.);
#520=VECTOR('',#1760,10.);
#521=VECTOR('',#1761,10.);
#522=VECTOR('',#1764,10.);
#523=VECTOR('',#1765,10.);
#524=VECTOR('',#1770,1.825);
#525=VECTOR('',#1775,10.);
#526=VECTOR('',#1776,10.);
#527=VECTOR('',#1777,10.);
#528=VECTOR('',#1778,10.);
#529=VECTOR('',#1781,10.);
#530=VECTOR('',#1782,10.);
#531=VECTOR('',#1783,10.);
#532=VECTOR('',#1786,10.);
#533=VECTOR('',#1787,10.);
#534=VECTOR('',#1788,10.);
#535=VECTOR('',#1791,10.);
#536=VECTOR('',#1792,10.);
#537=VECTOR('',#1795,10.);
#538=VECTOR('',#1796,10.);
#539=VECTOR('',#1797,10.);
#540=VECTOR('',#1798,10.);
#541=VECTOR('',#1801,10.);
#542=VECTOR('',#1802,10.);
#543=VECTOR('',#1803,10.);
#544=VECTOR('',#1806,10.);
#545=VECTOR('',#1807,10.);
#546=VECTOR('',#1808,10.);
#547=VECTOR('',#1811,10.);
#548=VECTOR('',#1812,10.);
#549=VECTOR('',#1817,1.75);
#550=VECTOR('',#1824,1.82500000000002);
#551=VECTOR('',#1831,1.74999999999999);
#552=VECTOR('',#1838,23.2);
#553=VECTOR('',#1845,25.);
#554=VERTEX_POINT('',#1859);
#555=VERTEX_POINT('',#1860);
#556=VERTEX_POINT('',#1862);
#557=VERTEX_POINT('',#1864);
#558=VERTEX_POINT('',#1866);
#559=VERTEX_POINT('',#1868);
#560=VERTEX_POINT('',#1872);
#561=VERTEX_POINT('',#1874);
#562=VERTEX_POINT('',#1878);
#563=VERTEX_POINT('',#1880);
#564=VERTEX_POINT('',#1882);
#565=VERTEX_POINT('',#1884);
#566=VERTEX_POINT('',#1886);
#567=VERTEX_POINT('',#1888);
#568=VERTEX_POINT('',#1890);
#569=VERTEX_POINT('',#1892);
#570=VERTEX_POINT('',#1894);
#571=VERTEX_POINT('',#1896);
#572=VERTEX_POINT('',#1900);
#573=VERTEX_POINT('',#1904);
#574=VERTEX_POINT('',#1905);
#575=VERTEX_POINT('',#1907);
#576=VERTEX_POINT('',#1911);
#577=VERTEX_POINT('',#1913);
#578=VERTEX_POINT('',#1915);
#579=VERTEX_POINT('',#1937);
#580=VERTEX_POINT('',#1938);
#581=VERTEX_POINT('',#1940);
#582=VERTEX_POINT('',#1942);
#583=VERTEX_POINT('',#1944);
#584=VERTEX_POINT('',#1948);
#585=VERTEX_POINT('',#1949);
#586=VERTEX_POINT('',#1951);
#587=VERTEX_POINT('',#1982);
#588=VERTEX_POINT('',#1984);
#589=VERTEX_POINT('',#1986);
#590=VERTEX_POINT('',#2097);
#591=VERTEX_POINT('',#2098);
#592=VERTEX_POINT('',#2119);
#593=VERTEX_POINT('',#2120);
#594=VERTEX_POINT('',#2154);
#595=VERTEX_POINT('',#2155);
#596=VERTEX_POINT('',#2160);
#597=VERTEX_POINT('',#2161);
#598=VERTEX_POINT('',#2179);
#599=VERTEX_POINT('',#2180);
#600=VERTEX_POINT('',#2185);
#601=VERTEX_POINT('',#2193);
#602=VERTEX_POINT('',#2195);
#603=VERTEX_POINT('',#2197);
#604=VERTEX_POINT('',#2199);
#605=VERTEX_POINT('',#2204);
#606=VERTEX_POINT('',#2206);
#607=VERTEX_POINT('',#2215);
#608=VERTEX_POINT('',#2218);
#609=VERTEX_POINT('',#2221);
#610=VERTEX_POINT('',#2224);
#611=VERTEX_POINT('',#2231);
#612=VERTEX_POINT('',#2233);
#613=VERTEX_POINT('',#2237);
#614=VERTEX_POINT('',#2239);
#615=VERTEX_POINT('',#2248);
#616=VERTEX_POINT('',#2252);
#617=VERTEX_POINT('',#2256);
#618=VERTEX_POINT('',#2260);
#619=VERTEX_POINT('',#2264);
#620=VERTEX_POINT('',#2265);
#621=VERTEX_POINT('',#2276);
#622=VERTEX_POINT('',#2278);
#623=VERTEX_POINT('',#2282);
#624=VERTEX_POINT('',#2286);
#625=VERTEX_POINT('',#2288);
#626=VERTEX_POINT('',#2294);
#627=VERTEX_POINT('',#2296);
#628=VERTEX_POINT('',#2301);
#629=VERTEX_POINT('',#2302);
#630=VERTEX_POINT('',#2304);
#631=VERTEX_POINT('',#2306);
#632=VERTEX_POINT('',#2310);
#633=VERTEX_POINT('',#2312);
#634=VERTEX_POINT('',#2316);
#635=VERTEX_POINT('',#2318);
#636=VERTEX_POINT('',#2325);
#637=VERTEX_POINT('',#2326);
#638=VERTEX_POINT('',#2328);
#639=VERTEX_POINT('',#2330);
#640=VERTEX_POINT('',#2334);
#641=VERTEX_POINT('',#2336);
#642=VERTEX_POINT('',#2340);
#643=VERTEX_POINT('',#2342);
#644=VERTEX_POINT('',#2349);
#645=VERTEX_POINT('',#2351);
#646=VERTEX_POINT('',#2355);
#647=VERTEX_POINT('',#2356);
#648=VERTEX_POINT('',#2358);
#649=VERTEX_POINT('',#2360);
#650=VERTEX_POINT('',#2364);
#651=VERTEX_POINT('',#2366);
#652=VERTEX_POINT('',#2370);
#653=VERTEX_POINT('',#2372);
#654=VERTEX_POINT('',#2379);
#655=VERTEX_POINT('',#2380);
#656=VERTEX_POINT('',#2382);
#657=VERTEX_POINT('',#2384);
#658=VERTEX_POINT('',#2388);
#659=VERTEX_POINT('',#2390);
#660=VERTEX_POINT('',#2394);
#661=VERTEX_POINT('',#2396);
#662=VERTEX_POINT('',#2403);
#663=VERTEX_POINT('',#2405);
#664=VERTEX_POINT('',#2409);
#665=VERTEX_POINT('',#2411);
#666=VERTEX_POINT('',#2415);
#667=VERTEX_POINT('',#2417);
#668=VERTEX_POINT('',#2421);
#669=VERTEX_POINT('',#2425);
#670=VERTEX_POINT('',#2428);
#671=EDGE_CURVE('',#554,#555,#304,.T.);
#672=EDGE_CURVE('',#555,#556,#305,.T.);
#673=EDGE_CURVE('',#556,#557,#306,.T.);
#674=EDGE_CURVE('',#557,#558,#307,.T.);
#675=EDGE_CURVE('',#558,#559,#308,.T.);
#676=EDGE_CURVE('',#559,#554,#309,.T.);
#677=EDGE_CURVE('',#555,#560,#310,.T.);
#678=EDGE_CURVE('',#561,#560,#311,.T.);
#679=EDGE_CURVE('',#556,#561,#312,.T.);
#680=EDGE_CURVE('',#562,#554,#313,.T.);
#681=EDGE_CURVE('',#563,#562,#314,.T.);
#682=EDGE_CURVE('',#564,#563,#94,.T.);
#683=EDGE_CURVE('',#565,#564,#315,.T.);
#684=EDGE_CURVE('',#566,#565,#316,.T.);
#685=EDGE_CURVE('',#567,#566,#317,.T.);
#686=EDGE_CURVE('',#567,#568,#318,.T.);
#687=EDGE_CURVE('',#568,#569,#319,.T.);
#688=EDGE_CURVE('',#570,#569,#320,.T.);
#689=EDGE_CURVE('',#570,#571,#321,.T.);
#690=EDGE_CURVE('',#560,#571,#322,.T.);
#691=EDGE_CURVE('',#572,#559,#323,.T.);
#692=EDGE_CURVE('',#572,#562,#324,.T.);
#693=EDGE_CURVE('',#573,#574,#95,.F.);
#694=EDGE_CURVE('',#575,#573,#96,.F.);
#695=EDGE_CURVE('',#574,#575,#97,.F.);
#696=EDGE_CURVE('',#576,#575,#325,.T.);
#697=EDGE_CURVE('',#573,#577,#326,.T.);
#698=EDGE_CURVE('',#577,#578,#65,.T.);
#699=EDGE_CURVE('',#578,#576,#66,.T.);
#700=EDGE_CURVE('',#579,#580,#98,.F.);
#701=EDGE_CURVE('',#581,#579,#99,.F.);
#702=EDGE_CURVE('',#581,#582,#100,.T.);
#703=EDGE_CURVE('',#583,#581,#101,.F.);
#704=EDGE_CURVE('',#580,#583,#102,.F.);
#705=EDGE_CURVE('',#584,#585,#103,.F.);
#706=EDGE_CURVE('',#586,#584,#104,.F.);
#707=EDGE_CURVE('',#585,#586,#105,.F.);
#708=EDGE_CURVE('',#587,#586,#54,.T.);
#709=EDGE_CURVE('',#584,#588,#55,.T.);
#710=EDGE_CURVE('',#588,#589,#67,.T.);
#711=EDGE_CURVE('',#589,#587,#68,.T.);
#712=EDGE_CURVE('',#590,#591,#69,.T.);
#713=EDGE_CURVE('',#590,#583,#56,.T.);
#714=EDGE_CURVE('',#579,#585,#57,.T.);
#715=EDGE_CURVE('',#586,#591,#58,.T.);
#716=EDGE_CURVE('',#592,#593,#106,.T.);
#717=EDGE_CURVE('',#592,#584,#327,.T.);
#718=EDGE_CURVE('',#585,#593,#328,.T.);
#719=EDGE_CURVE('',#588,#564,#329,.T.);
#720=EDGE_CURVE('',#563,#589,#330,.T.);
#721=EDGE_CURVE('',#577,#580,#59,.T.);
#722=EDGE_CURVE('',#583,#578,#60,.T.);
#723=EDGE_CURVE('',#594,#595,#107,.F.);
#724=EDGE_CURVE('',#595,#579,#331,.T.);
#725=EDGE_CURVE('',#580,#594,#332,.T.);
#726=EDGE_CURVE('',#596,#597,#70,.F.);
#727=EDGE_CURVE('',#597,#574,#333,.T.);
#728=EDGE_CURVE('',#575,#596,#334,.T.);
#729=EDGE_CURVE('',#598,#599,#108,.F.);
#730=EDGE_CURVE('',#599,#573,#335,.T.);
#731=EDGE_CURVE('',#574,#598,#336,.T.);
#732=EDGE_CURVE('',#600,#592,#337,.T.);
#733=EDGE_CURVE('',#565,#600,#338,.T.);
#734=EDGE_CURVE('',#595,#593,#339,.T.);
#735=EDGE_CURVE('',#576,#590,#109,.T.);
#736=EDGE_CURVE('',#594,#601,#340,.T.);
#737=EDGE_CURVE('',#599,#602,#341,.T.);
#738=EDGE_CURVE('',#602,#603,#342,.T.);
#739=EDGE_CURVE('',#604,#603,#343,.T.);
#740=EDGE_CURVE('',#571,#604,#344,.T.);
#741=EDGE_CURVE('',#601,#570,#345,.T.);
#742=EDGE_CURVE('',#605,#605,#110,.T.);
#743=EDGE_CURVE('',#605,#606,#346,.T.);
#744=EDGE_CURVE('',#606,#606,#111,.T.);
#745=EDGE_CURVE('',#591,#596,#112,.T.);
#746=EDGE_CURVE('',#587,#597,#61,.T.);
#747=EDGE_CURVE('',#569,#607,#347,.T.);
#748=EDGE_CURVE('',#607,#601,#348,.T.);
#749=EDGE_CURVE('',#608,#608,#113,.T.);
#750=EDGE_CURVE('',#600,#609,#349,.T.);
#751=EDGE_CURVE('',#609,#566,#350,.T.);
#752=EDGE_CURVE('',#610,#610,#114,.T.);
#753=EDGE_CURVE('',#598,#572,#351,.T.);
#754=EDGE_CURVE('',#604,#561,#352,.T.);
#755=EDGE_CURVE('',#603,#611,#353,.T.);
#756=EDGE_CURVE('',#612,#611,#354,.T.);
#757=EDGE_CURVE('',#612,#557,#355,.T.);
#758=EDGE_CURVE('',#611,#613,#356,.T.);
#759=EDGE_CURVE('',#613,#614,#357,.F.);
#760=EDGE_CURVE('',#614,#612,#358,.T.);
#761=EDGE_CURVE('',#558,#614,#359,.T.);
#762=EDGE_CURVE('',#613,#602,#360,.T.);
#763=EDGE_CURVE('',#608,#615,#361,.T.);
#764=EDGE_CURVE('',#615,#615,#115,.T.);
#765=EDGE_CURVE('',#615,#616,#362,.T.);
#766=EDGE_CURVE('',#616,#616,#116,.T.);
#767=EDGE_CURVE('',#610,#617,#363,.T.);
#768=EDGE_CURVE('',#617,#617,#117,.T.);
#769=EDGE_CURVE('',#617,#618,#364,.T.);
#770=EDGE_CURVE('',#618,#618,#118,.T.);
#771=EDGE_CURVE('',#619,#620,#365,.T.);
#772=EDGE_CURVE('',#620,#609,#366,.T.);
#773=EDGE_CURVE('',#619,#607,#367,.T.);
#774=EDGE_CURVE('',#568,#619,#368,.T.);
#775=EDGE_CURVE('',#620,#567,#369,.T.);
#776=EDGE_CURVE('',#621,#621,#119,.T.);
#777=EDGE_CURVE('',#621,#622,#370,.T.);
#778=EDGE_CURVE('',#622,#622,#120,.T.);
#779=EDGE_CURVE('',#621,#623,#371,.T.);
#780=EDGE_CURVE('',#623,#623,#121,.T.);
#781=EDGE_CURVE('',#624,#624,#122,.T.);
#782=EDGE_CURVE('',#624,#625,#372,.T.);
#783=EDGE_CURVE('',#625,#625,#123,.T.);
#784=EDGE_CURVE('',#622,#624,#373,.T.);
#785=EDGE_CURVE('',#626,#626,#124,.T.);
#786=EDGE_CURVE('',#626,#627,#374,.T.);
#787=EDGE_CURVE('',#627,#627,#125,.T.);
#788=EDGE_CURVE('',#628,#629,#375,.T.);
#789=EDGE_CURVE('',#630,#628,#376,.T.);
#790=EDGE_CURVE('',#631,#630,#377,.T.);
#791=EDGE_CURVE('',#631,#629,#378,.T.);
#792=EDGE_CURVE('',#629,#632,#379,.T.);
#793=EDGE_CURVE('',#633,#631,#380,.T.);
#794=EDGE_CURVE('',#633,#632,#381,.T.);
#795=EDGE_CURVE('',#632,#634,#382,.T.);
#796=EDGE_CURVE('',#635,#633,#383,.T.);
#797=EDGE_CURVE('',#635,#634,#384,.T.);
#798=EDGE_CURVE('',#634,#628,#385,.T.);
#799=EDGE_CURVE('',#630,#635,#386,.T.);
#800=EDGE_CURVE('',#636,#637,#387,.T.);
#801=EDGE_CURVE('',#638,#636,#388,.T.);
#802=EDGE_CURVE('',#639,#638,#389,.T.);
#803=EDGE_CURVE('',#639,#637,#390,.T.);
#804=EDGE_CURVE('',#637,#640,#391,.T.);
#805=EDGE_CURVE('',#641,#639,#392,.T.);
#806=EDGE_CURVE('',#641,#640,#393,.T.);
#807=EDGE_CURVE('',#640,#642,#394,.T.);
#808=EDGE_CURVE('',#643,#641,#395,.T.);
#809=EDGE_CURVE('',#643,#642,#396,.T.);
#810=EDGE_CURVE('',#642,#636,#397,.T.);
#811=EDGE_CURVE('',#638,#643,#398,.T.);
#812=EDGE_CURVE('',#644,#644,#126,.T.);
#813=EDGE_CURVE('',#644,#645,#399,.T.);
#814=EDGE_CURVE('',#645,#645,#127,.T.);
#815=EDGE_CURVE('',#646,#647,#400,.T.);
#816=EDGE_CURVE('',#648,#646,#401,.T.);
#817=EDGE_CURVE('',#649,#648,#402,.T.);
#818=EDGE_CURVE('',#649,#647,#403,.T.);
#819=EDGE_CURVE('',#647,#650,#404,.T.);
#820=EDGE_CURVE('',#651,#649,#405,.T.);
#821=EDGE_CURVE('',#651,#650,#406,.T.);
#822=EDGE_CURVE('',#650,#652,#407,.T.);
#823=EDGE_CURVE('',#653,#651,#408,.T.);
#824=EDGE_CURVE('',#653,#652,#409,.T.);
#825=EDGE_CURVE('',#652,#646,#410,.T.);
#826=EDGE_CURVE('',#648,#653,#411,.T.);
#827=EDGE_CURVE('',#654,#655,#412,.T.);
#828=EDGE_CURVE('',#656,#654,#413,.T.);
#829=EDGE_CURVE('',#657,#656,#414,.T.);
#830=EDGE_CURVE('',#657,#655,#415,.T.);
#831=EDGE_CURVE('',#655,#658,#416,.T.);
#832=EDGE_CURVE('',#659,#657,#417,.T.);
#833=EDGE_CURVE('',#659,#658,#418,.T.);
#834=EDGE_CURVE('',#658,#660,#419,.T.);
#835=EDGE_CURVE('',#661,#659,#420,.T.);
#836=EDGE_CURVE('',#661,#660,#421,.T.);
#837=EDGE_CURVE('',#660,#654,#422,.T.);
#838=EDGE_CURVE('',#656,#661,#423,.T.);
#839=EDGE_CURVE('',#662,#662,#128,.T.);
#840=EDGE_CURVE('',#662,#663,#424,.T.);
#841=EDGE_CURVE('',#663,#663,#129,.T.);
#842=EDGE_CURVE('',#664,#664,#130,.T.);
#843=EDGE_CURVE('',#664,#665,#425,.T.);
#844=EDGE_CURVE('',#665,#665,#131,.T.);
#845=EDGE_CURVE('',#666,#666,#132,.T.);
#846=EDGE_CURVE('',#666,#667,#426,.T.);
#847=EDGE_CURVE('',#667,#667,#133,.T.);
#848=EDGE_CURVE('',#668,#668,#134,.T.);
#849=EDGE_CURVE('',#668,#625,#427,.T.);
#850=EDGE_CURVE('',#669,#669,#135,.T.);
#851=EDGE_CURVE('',#669,#670,#428,.T.);
#852=EDGE_CURVE('',#670,#670,#136,.T.);
#853=ORIENTED_EDGE('',*,*,#671,.T.);
#854=ORIENTED_EDGE('',*,*,#672,.T.);
#855=ORIENTED_EDGE('',*,*,#673,.T.);
#856=ORIENTED_EDGE('',*,*,#674,.T.);
#857=ORIENTED_EDGE('',*,*,#675,.T.);
#858=ORIENTED_EDGE('',*,*,#676,.T.);
#859=ORIENTED_EDGE('',*,*,#672,.F.);
#860=ORIENTED_EDGE('',*,*,#677,.T.);
#861=ORIENTED_EDGE('',*,*,#678,.F.);
#862=ORIENTED_EDGE('',*,*,#679,.F.);
#863=ORIENTED_EDGE('',*,*,#671,.F.);
#864=ORIENTED_EDGE('',*,*,#680,.F.);
#865=ORIENTED_EDGE('',*,*,#681,.F.);
#866=ORIENTED_EDGE('',*,*,#682,.F.);
#867=ORIENTED_EDGE('',*,*,#683,.F.);
#868=ORIENTED_EDGE('',*,*,#684,.F.);
#869=ORIENTED_EDGE('',*,*,#685,.F.);
#870=ORIENTED_EDGE('',*,*,#686,.T.);
#871=ORIENTED_EDGE('',*,*,#687,.T.);
#872=ORIENTED_EDGE('',*,*,#688,.F.);
#873=ORIENTED_EDGE('',*,*,#689,.T.);
#874=ORIENTED_EDGE('',*,*,#690,.F.);
#875=ORIENTED_EDGE('',*,*,#677,.F.);
#876=ORIENTED_EDGE('',*,*,#676,.F.);
#877=ORIENTED_EDGE('',*,*,#691,.F.);
#878=ORIENTED_EDGE('',*,*,#692,.T.);
#879=ORIENTED_EDGE('',*,*,#680,.T.);
#880=ORIENTED_EDGE('',*,*,#693,.F.);
#881=ORIENTED_EDGE('',*,*,#694,.F.);
#882=ORIENTED_EDGE('',*,*,#695,.F.);
#883=ORIENTED_EDGE('',*,*,#696,.T.);
#884=ORIENTED_EDGE('',*,*,#694,.T.);
#885=ORIENTED_EDGE('',*,*,#697,.T.);
#886=ORIENTED_EDGE('',*,*,#698,.T.);
#887=ORIENTED_EDGE('',*,*,#699,.T.);
#888=ORIENTED_EDGE('',*,*,#700,.F.);
#889=ORIENTED_EDGE('',*,*,#701,.F.);
#890=ORIENTED_EDGE('',*,*,#702,.T.);
#891=ORIENTED_EDGE('',*,*,#702,.F.);
#892=ORIENTED_EDGE('',*,*,#703,.F.);
#893=ORIENTED_EDGE('',*,*,#704,.F.);
#894=ORIENTED_EDGE('',*,*,#705,.F.);
#895=ORIENTED_EDGE('',*,*,#706,.F.);
#896=ORIENTED_EDGE('',*,*,#707,.F.);
#897=ORIENTED_EDGE('',*,*,#708,.T.);
#898=ORIENTED_EDGE('',*,*,#706,.T.);
#899=ORIENTED_EDGE('',*,*,#709,.T.);
#900=ORIENTED_EDGE('',*,*,#710,.T.);
#901=ORIENTED_EDGE('',*,*,#711,.T.);
#902=ORIENTED_EDGE('',*,*,#712,.F.);
#903=ORIENTED_EDGE('',*,*,#713,.T.);
#904=ORIENTED_EDGE('',*,*,#703,.T.);
#905=ORIENTED_EDGE('',*,*,#701,.T.);
#906=ORIENTED_EDGE('',*,*,#714,.T.);
#907=ORIENTED_EDGE('',*,*,#707,.T.);
#908=ORIENTED_EDGE('',*,*,#715,.T.);
#909=ORIENTED_EDGE('',*,*,#716,.F.);
#910=ORIENTED_EDGE('',*,*,#717,.T.);
#911=ORIENTED_EDGE('',*,*,#705,.T.);
#912=ORIENTED_EDGE('',*,*,#718,.T.);
#913=ORIENTED_EDGE('',*,*,#719,.T.);
#914=ORIENTED_EDGE('',*,*,#682,.T.);
#915=ORIENTED_EDGE('',*,*,#720,.T.);
#916=ORIENTED_EDGE('',*,*,#710,.F.);
#917=ORIENTED_EDGE('',*,*,#721,.T.);
#918=ORIENTED_EDGE('',*,*,#704,.T.);
#919=ORIENTED_EDGE('',*,*,#722,.T.);
#920=ORIENTED_EDGE('',*,*,#698,.F.);
#921=ORIENTED_EDGE('',*,*,#723,.T.);
#922=ORIENTED_EDGE('',*,*,#724,.T.);
#923=ORIENTED_EDGE('',*,*,#700,.T.);
#924=ORIENTED_EDGE('',*,*,#725,.T.);
#925=ORIENTED_EDGE('',*,*,#726,.T.);
#926=ORIENTED_EDGE('',*,*,#727,.T.);
#927=ORIENTED_EDGE('',*,*,#695,.T.);
#928=ORIENTED_EDGE('',*,*,#728,.T.);
#929=ORIENTED_EDGE('',*,*,#729,.T.);
#930=ORIENTED_EDGE('',*,*,#730,.T.);
#931=ORIENTED_EDGE('',*,*,#693,.T.);
#932=ORIENTED_EDGE('',*,*,#731,.T.);
#933=ORIENTED_EDGE('',*,*,#719,.F.);
#934=ORIENTED_EDGE('',*,*,#709,.F.);
#935=ORIENTED_EDGE('',*,*,#717,.F.);
#936=ORIENTED_EDGE('',*,*,#732,.F.);
#937=ORIENTED_EDGE('',*,*,#733,.F.);
#938=ORIENTED_EDGE('',*,*,#683,.T.);
#939=ORIENTED_EDGE('',*,*,#718,.F.);
#940=ORIENTED_EDGE('',*,*,#714,.F.);
#941=ORIENTED_EDGE('',*,*,#724,.F.);
#942=ORIENTED_EDGE('',*,*,#734,.T.);
#943=ORIENTED_EDGE('',*,*,#713,.F.);
#944=ORIENTED_EDGE('',*,*,#735,.F.);
#945=ORIENTED_EDGE('',*,*,#699,.F.);
#946=ORIENTED_EDGE('',*,*,#722,.F.);
#947=ORIENTED_EDGE('',*,*,#736,.F.);
#948=ORIENTED_EDGE('',*,*,#725,.F.);
#949=ORIENTED_EDGE('',*,*,#721,.F.);
#950=ORIENTED_EDGE('',*,*,#697,.F.);
#951=ORIENTED_EDGE('',*,*,#730,.F.);
#952=ORIENTED_EDGE('',*,*,#737,.T.);
#953=ORIENTED_EDGE('',*,*,#738,.T.);
#954=ORIENTED_EDGE('',*,*,#739,.F.);
#955=ORIENTED_EDGE('',*,*,#740,.F.);
#956=ORIENTED_EDGE('',*,*,#689,.F.);
#957=ORIENTED_EDGE('',*,*,#741,.F.);
#958=ORIENTED_EDGE('',*,*,#742,.F.);
#959=ORIENTED_EDGE('',*,*,#743,.T.);
#960=ORIENTED_EDGE('',*,*,#744,.T.);
#961=ORIENTED_EDGE('',*,*,#743,.F.);
#962=ORIENTED_EDGE('',*,*,#744,.F.);
#963=ORIENTED_EDGE('',*,*,#696,.F.);
#964=ORIENTED_EDGE('',*,*,#735,.T.);
#965=ORIENTED_EDGE('',*,*,#712,.T.);
#966=ORIENTED_EDGE('',*,*,#745,.T.);
#967=ORIENTED_EDGE('',*,*,#728,.F.);
#968=ORIENTED_EDGE('',*,*,#708,.F.);
#969=ORIENTED_EDGE('',*,*,#746,.T.);
#970=ORIENTED_EDGE('',*,*,#726,.F.);
#971=ORIENTED_EDGE('',*,*,#745,.F.);
#972=ORIENTED_EDGE('',*,*,#715,.F.);
#973=ORIENTED_EDGE('',*,*,#741,.T.);
#974=ORIENTED_EDGE('',*,*,#688,.T.);
#975=ORIENTED_EDGE('',*,*,#747,.T.);
#976=ORIENTED_EDGE('',*,*,#748,.T.);
#977=ORIENTED_EDGE('',*,*,#749,.T.);
#978=ORIENTED_EDGE('',*,*,#733,.T.);
#979=ORIENTED_EDGE('',*,*,#750,.T.);
#980=ORIENTED_EDGE('',*,*,#751,.T.);
#981=ORIENTED_EDGE('',*,*,#684,.T.);
#982=ORIENTED_EDGE('',*,*,#752,.T.);
#983=ORIENTED_EDGE('',*,*,#720,.F.);
#984=ORIENTED_EDGE('',*,*,#681,.T.);
#985=ORIENTED_EDGE('',*,*,#692,.F.);
#986=ORIENTED_EDGE('',*,*,#753,.F.);
#987=ORIENTED_EDGE('',*,*,#731,.F.);
#988=ORIENTED_EDGE('',*,*,#727,.F.);
#989=ORIENTED_EDGE('',*,*,#746,.F.);
#990=ORIENTED_EDGE('',*,*,#711,.F.);
#991=ORIENTED_EDGE('',*,*,#754,.T.);
#992=ORIENTED_EDGE('',*,*,#678,.T.);
#993=ORIENTED_EDGE('',*,*,#690,.T.);
#994=ORIENTED_EDGE('',*,*,#740,.T.);
#995=ORIENTED_EDGE('',*,*,#673,.F.);
#996=ORIENTED_EDGE('',*,*,#679,.T.);
#997=ORIENTED_EDGE('',*,*,#754,.F.);
#998=ORIENTED_EDGE('',*,*,#739,.T.);
#999=ORIENTED_EDGE('',*,*,#755,.T.);
#1000=ORIENTED_EDGE('',*,*,#756,.F.);
#1001=ORIENTED_EDGE('',*,*,#757,.T.);
#1002=ORIENTED_EDGE('',*,*,#742,.T.);
#1003=ORIENTED_EDGE('',*,*,#756,.T.);
#1004=ORIENTED_EDGE('',*,*,#758,.T.);
#1005=ORIENTED_EDGE('',*,*,#759,.T.);
#1006=ORIENTED_EDGE('',*,*,#760,.T.);
#1007=ORIENTED_EDGE('',*,*,#674,.F.);
#1008=ORIENTED_EDGE('',*,*,#757,.F.);
#1009=ORIENTED_EDGE('',*,*,#760,.F.);
#1010=ORIENTED_EDGE('',*,*,#761,.F.);
#1011=ORIENTED_EDGE('',*,*,#758,.F.);
#1012=ORIENTED_EDGE('',*,*,#755,.F.);
#1013=ORIENTED_EDGE('',*,*,#738,.F.);
#1014=ORIENTED_EDGE('',*,*,#762,.F.);
#1015=ORIENTED_EDGE('',*,*,#675,.F.);
#1016=ORIENTED_EDGE('',*,*,#761,.T.);
#1017=ORIENTED_EDGE('',*,*,#759,.F.);
#1018=ORIENTED_EDGE('',*,*,#762,.T.);
#1019=ORIENTED_EDGE('',*,*,#737,.F.);
#1020=ORIENTED_EDGE('',*,*,#729,.F.);
#1021=ORIENTED_EDGE('',*,*,#753,.T.);
#1022=ORIENTED_EDGE('',*,*,#691,.T.);
#1023=ORIENTED_EDGE('',*,*,#749,.F.);
#1024=ORIENTED_EDGE('',*,*,#763,.T.);
#1025=ORIENTED_EDGE('',*,*,#764,.T.);
#1026=ORIENTED_EDGE('',*,*,#763,.F.);
#1027=ORIENTED_EDGE('',*,*,#764,.F.);
#1028=ORIENTED_EDGE('',*,*,#765,.T.);
#1029=ORIENTED_EDGE('',*,*,#766,.F.);
#1030=ORIENTED_EDGE('',*,*,#765,.F.);
#1031=ORIENTED_EDGE('',*,*,#752,.F.);
#1032=ORIENTED_EDGE('',*,*,#767,.T.);
#1033=ORIENTED_EDGE('',*,*,#768,.T.);
#1034=ORIENTED_EDGE('',*,*,#767,.F.);
#1035=ORIENTED_EDGE('',*,*,#768,.F.);
#1036=ORIENTED_EDGE('',*,*,#769,.T.);
#1037=ORIENTED_EDGE('',*,*,#770,.F.);
#1038=ORIENTED_EDGE('',*,*,#769,.F.);
#1039=ORIENTED_EDGE('',*,*,#771,.T.);
#1040=ORIENTED_EDGE('',*,*,#772,.T.);
#1041=ORIENTED_EDGE('',*,*,#750,.F.);
#1042=ORIENTED_EDGE('',*,*,#732,.T.);
#1043=ORIENTED_EDGE('',*,*,#716,.T.);
#1044=ORIENTED_EDGE('',*,*,#734,.F.);
#1045=ORIENTED_EDGE('',*,*,#723,.F.);
#1046=ORIENTED_EDGE('',*,*,#736,.T.);
#1047=ORIENTED_EDGE('',*,*,#748,.F.);
#1048=ORIENTED_EDGE('',*,*,#773,.F.);
#1049=ORIENTED_EDGE('',*,*,#774,.T.);
#1050=ORIENTED_EDGE('',*,*,#773,.T.);
#1051=ORIENTED_EDGE('',*,*,#747,.F.);
#1052=ORIENTED_EDGE('',*,*,#687,.F.);
#1053=ORIENTED_EDGE('',*,*,#775,.T.);
#1054=ORIENTED_EDGE('',*,*,#685,.T.);
#1055=ORIENTED_EDGE('',*,*,#751,.F.);
#1056=ORIENTED_EDGE('',*,*,#772,.F.);
#1057=ORIENTED_EDGE('',*,*,#775,.F.);
#1058=ORIENTED_EDGE('',*,*,#771,.F.);
#1059=ORIENTED_EDGE('',*,*,#774,.F.);
#1060=ORIENTED_EDGE('',*,*,#686,.F.);
#1061=ORIENTED_EDGE('',*,*,#766,.T.);
#1062=ORIENTED_EDGE('',*,*,#770,.T.);
#1063=ORIENTED_EDGE('',*,*,#776,.T.);
#1064=ORIENTED_EDGE('',*,*,#777,.T.);
#1065=ORIENTED_EDGE('',*,*,#778,.T.);
#1066=ORIENTED_EDGE('',*,*,#777,.F.);
#1067=ORIENTED_EDGE('',*,*,#776,.F.);
#1068=ORIENTED_EDGE('',*,*,#779,.T.);
#1069=ORIENTED_EDGE('',*,*,#780,.F.);
#1070=ORIENTED_EDGE('',*,*,#779,.F.);
#1071=ORIENTED_EDGE('',*,*,#781,.T.);
#1072=ORIENTED_EDGE('',*,*,#782,.T.);
#1073=ORIENTED_EDGE('',*,*,#783,.F.);
#1074=ORIENTED_EDGE('',*,*,#782,.F.);
#1075=ORIENTED_EDGE('',*,*,#778,.F.);
#1076=ORIENTED_EDGE('',*,*,#784,.T.);
#1077=ORIENTED_EDGE('',*,*,#781,.F.);
#1078=ORIENTED_EDGE('',*,*,#784,.F.);
#1079=ORIENTED_EDGE('',*,*,#785,.F.);
#1080=ORIENTED_EDGE('',*,*,#786,.T.);
#1081=ORIENTED_EDGE('',*,*,#787,.T.);
#1082=ORIENTED_EDGE('',*,*,#786,.F.);
#1083=ORIENTED_EDGE('',*,*,#787,.F.);
#1084=ORIENTED_EDGE('',*,*,#788,.F.);
#1085=ORIENTED_EDGE('',*,*,#789,.F.);
#1086=ORIENTED_EDGE('',*,*,#790,.F.);
#1087=ORIENTED_EDGE('',*,*,#791,.T.);
#1088=ORIENTED_EDGE('',*,*,#792,.F.);
#1089=ORIENTED_EDGE('',*,*,#791,.F.);
#1090=ORIENTED_EDGE('',*,*,#793,.F.);
#1091=ORIENTED_EDGE('',*,*,#794,.T.);
#1092=ORIENTED_EDGE('',*,*,#795,.F.);
#1093=ORIENTED_EDGE('',*,*,#794,.F.);
#1094=ORIENTED_EDGE('',*,*,#796,.F.);
#1095=ORIENTED_EDGE('',*,*,#797,.T.);
#1096=ORIENTED_EDGE('',*,*,#798,.F.);
#1097=ORIENTED_EDGE('',*,*,#797,.F.);
#1098=ORIENTED_EDGE('',*,*,#799,.F.);
#1099=ORIENTED_EDGE('',*,*,#789,.T.);
#1100=ORIENTED_EDGE('',*,*,#800,.F.);
#1101=ORIENTED_EDGE('',*,*,#801,.F.);
#1102=ORIENTED_EDGE('',*,*,#802,.F.);
#1103=ORIENTED_EDGE('',*,*,#803,.T.);
#1104=ORIENTED_EDGE('',*,*,#804,.F.);
#1105=ORIENTED_EDGE('',*,*,#803,.F.);
#1106=ORIENTED_EDGE('',*,*,#805,.F.);
#1107=ORIENTED_EDGE('',*,*,#806,.T.);
#1108=ORIENTED_EDGE('',*,*,#807,.F.);
#1109=ORIENTED_EDGE('',*,*,#806,.F.);
#1110=ORIENTED_EDGE('',*,*,#808,.F.);
#1111=ORIENTED_EDGE('',*,*,#809,.T.);
#1112=ORIENTED_EDGE('',*,*,#810,.F.);
#1113=ORIENTED_EDGE('',*,*,#809,.F.);
#1114=ORIENTED_EDGE('',*,*,#811,.F.);
#1115=ORIENTED_EDGE('',*,*,#801,.T.);
#1116=ORIENTED_EDGE('',*,*,#812,.F.);
#1117=ORIENTED_EDGE('',*,*,#813,.T.);
#1118=ORIENTED_EDGE('',*,*,#814,.F.);
#1119=ORIENTED_EDGE('',*,*,#813,.F.);
#1120=ORIENTED_EDGE('',*,*,#815,.F.);
#1121=ORIENTED_EDGE('',*,*,#816,.F.);
#1122=ORIENTED_EDGE('',*,*,#817,.F.);
#1123=ORIENTED_EDGE('',*,*,#818,.T.);
#1124=ORIENTED_EDGE('',*,*,#819,.F.);
#1125=ORIENTED_EDGE('',*,*,#818,.F.);
#1126=ORIENTED_EDGE('',*,*,#820,.F.);
#1127=ORIENTED_EDGE('',*,*,#821,.T.);
#1128=ORIENTED_EDGE('',*,*,#822,.F.);
#1129=ORIENTED_EDGE('',*,*,#821,.F.);
#1130=ORIENTED_EDGE('',*,*,#823,.F.);
#1131=ORIENTED_EDGE('',*,*,#824,.T.);
#1132=ORIENTED_EDGE('',*,*,#825,.F.);
#1133=ORIENTED_EDGE('',*,*,#824,.F.);
#1134=ORIENTED_EDGE('',*,*,#826,.F.);
#1135=ORIENTED_EDGE('',*,*,#816,.T.);
#1136=ORIENTED_EDGE('',*,*,#827,.F.);
#1137=ORIENTED_EDGE('',*,*,#828,.F.);
#1138=ORIENTED_EDGE('',*,*,#829,.F.);
#1139=ORIENTED_EDGE('',*,*,#830,.T.);
#1140=ORIENTED_EDGE('',*,*,#831,.F.);
#1141=ORIENTED_EDGE('',*,*,#830,.F.);
#1142=ORIENTED_EDGE('',*,*,#832,.F.);
#1143=ORIENTED_EDGE('',*,*,#833,.T.);
#1144=ORIENTED_EDGE('',*,*,#834,.F.);
#1145=ORIENTED_EDGE('',*,*,#833,.F.);
#1146=ORIENTED_EDGE('',*,*,#835,.F.);
#1147=ORIENTED_EDGE('',*,*,#836,.T.);
#1148=ORIENTED_EDGE('',*,*,#837,.F.);
#1149=ORIENTED_EDGE('',*,*,#836,.F.);
#1150=ORIENTED_EDGE('',*,*,#838,.F.);
#1151=ORIENTED_EDGE('',*,*,#828,.T.);
#1152=ORIENTED_EDGE('',*,*,#839,.F.);
#1153=ORIENTED_EDGE('',*,*,#840,.T.);
#1154=ORIENTED_EDGE('',*,*,#841,.F.);
#1155=ORIENTED_EDGE('',*,*,#840,.F.);
#1156=ORIENTED_EDGE('',*,*,#842,.F.);
#1157=ORIENTED_EDGE('',*,*,#843,.T.);
#1158=ORIENTED_EDGE('',*,*,#844,.F.);
#1159=ORIENTED_EDGE('',*,*,#843,.F.);
#1160=ORIENTED_EDGE('',*,*,#845,.F.);
#1161=ORIENTED_EDGE('',*,*,#846,.T.);
#1162=ORIENTED_EDGE('',*,*,#847,.F.);
#1163=ORIENTED_EDGE('',*,*,#846,.F.);
#1164=ORIENTED_EDGE('',*,*,#848,.F.);
#1165=ORIENTED_EDGE('',*,*,#849,.T.);
#1166=ORIENTED_EDGE('',*,*,#783,.T.);
#1167=ORIENTED_EDGE('',*,*,#849,.F.);
#1168=ORIENTED_EDGE('',*,*,#850,.T.);
#1169=ORIENTED_EDGE('',*,*,#848,.T.);
#1170=ORIENTED_EDGE('',*,*,#850,.F.);
#1171=ORIENTED_EDGE('',*,*,#851,.T.);
#1172=ORIENTED_EDGE('',*,*,#852,.T.);
#1173=ORIENTED_EDGE('',*,*,#851,.F.);
#1174=ORIENTED_EDGE('',*,*,#780,.T.);
#1175=ORIENTED_EDGE('',*,*,#796,.T.);
#1176=ORIENTED_EDGE('',*,*,#793,.T.);
#1177=ORIENTED_EDGE('',*,*,#790,.T.);
#1178=ORIENTED_EDGE('',*,*,#799,.T.);
#1179=ORIENTED_EDGE('',*,*,#808,.T.);
#1180=ORIENTED_EDGE('',*,*,#805,.T.);
#1181=ORIENTED_EDGE('',*,*,#802,.T.);
#1182=ORIENTED_EDGE('',*,*,#811,.T.);
#1183=ORIENTED_EDGE('',*,*,#812,.T.);
#1184=ORIENTED_EDGE('',*,*,#823,.T.);
#1185=ORIENTED_EDGE('',*,*,#820,.T.);
#1186=ORIENTED_EDGE('',*,*,#817,.T.);
#1187=ORIENTED_EDGE('',*,*,#826,.T.);
#1188=ORIENTED_EDGE('',*,*,#835,.T.);
#1189=ORIENTED_EDGE('',*,*,#832,.T.);
#1190=ORIENTED_EDGE('',*,*,#829,.T.);
#1191=ORIENTED_EDGE('',*,*,#838,.T.);
#1192=ORIENTED_EDGE('',*,*,#839,.T.);
#1193=ORIENTED_EDGE('',*,*,#842,.T.);
#1194=ORIENTED_EDGE('',*,*,#845,.T.);
#1195=ORIENTED_EDGE('',*,*,#852,.F.);
#1196=ORIENTED_EDGE('',*,*,#847,.T.);
#1197=ORIENTED_EDGE('',*,*,#844,.T.);
#1198=ORIENTED_EDGE('',*,*,#841,.T.);
#1199=ORIENTED_EDGE('',*,*,#834,.T.);
#1200=ORIENTED_EDGE('',*,*,#837,.T.);
#1201=ORIENTED_EDGE('',*,*,#827,.T.);
#1202=ORIENTED_EDGE('',*,*,#831,.T.);
#1203=ORIENTED_EDGE('',*,*,#822,.T.);
#1204=ORIENTED_EDGE('',*,*,#825,.T.);
#1205=ORIENTED_EDGE('',*,*,#815,.T.);
#1206=ORIENTED_EDGE('',*,*,#819,.T.);
#1207=ORIENTED_EDGE('',*,*,#814,.T.);
#1208=ORIENTED_EDGE('',*,*,#807,.T.);
#1209=ORIENTED_EDGE('',*,*,#810,.T.);
#1210=ORIENTED_EDGE('',*,*,#800,.T.);
#1211=ORIENTED_EDGE('',*,*,#804,.T.);
#1212=ORIENTED_EDGE('',*,*,#795,.T.);
#1213=ORIENTED_EDGE('',*,*,#798,.T.);
#1214=ORIENTED_EDGE('',*,*,#788,.T.);
#1215=ORIENTED_EDGE('',*,*,#792,.T.);
#1216=ORIENTED_EDGE('',*,*,#785,.T.);
#1217=PLANE('',#1358);
#1218=PLANE('',#1359);
#1219=PLANE('',#1360);
#1220=PLANE('',#1362);
#1221=PLANE('',#1393);
#1222=PLANE('',#1394);
#1223=PLANE('',#1397);
#1224=PLANE('',#1401);
#1225=PLANE('',#1402);
#1226=PLANE('',#1406);
#1227=PLANE('',#1408);
#1228=PLANE('',#1410);
#1229=PLANE('',#1411);
#1230=PLANE('',#1412);
#1231=PLANE('',#1413);
#1232=PLANE('',#1414);
#1233=PLANE('',#1415);
#1234=PLANE('',#1416);
#1235=PLANE('',#1425);
#1236=PLANE('',#1426);
#1237=PLANE('',#1427);
#1238=PLANE('',#1428);
#1239=PLANE('',#1442);
#1240=PLANE('',#1443);
#1241=PLANE('',#1444);
#1242=PLANE('',#1445);
#1243=PLANE('',#1446);
#1244=PLANE('',#1447);
#1245=PLANE('',#1448);
#1246=PLANE('',#1449);
#1247=PLANE('',#1450);
#1248=PLANE('',#1454);
#1249=PLANE('',#1455);
#1250=PLANE('',#1456);
#1251=PLANE('',#1457);
#1252=PLANE('',#1458);
#1253=PLANE('',#1459);
#1254=PLANE('',#1460);
#1255=PLANE('',#1461);
#1256=PLANE('',#1473);
#1257=PLANE('',#1477);
#1258=PLANE('',#1478);
#1259=ADVANCED_FACE('',(#137),#1217,.T.);
#1260=ADVANCED_FACE('',(#138),#1218,.T.);
#1261=ADVANCED_FACE('',(#139),#1219,.T.);
#1262=ADVANCED_FACE('',(#140),#1220,.T.);
#1263=ADVANCED_FACE('',(#141),#91,.T.);
#1264=ADVANCED_FACE('',(#142),#71,.T.);
#1265=ADVANCED_FACE('',(#143),#92,.T.);
#1266=ADVANCED_FACE('',(#144),#93,.T.);
#1267=ADVANCED_FACE('',(#145),#62,.F.);
#1268=ADVANCED_FACE('',(#146),#63,.F.);
#1269=ADVANCED_FACE('',(#147),#72,.T.);
#1270=ADVANCED_FACE('',(#148),#73,.T.);
#1271=ADVANCED_FACE('',(#149),#64,.F.);
#1272=ADVANCED_FACE('',(#150),#74,.T.);
#1273=ADVANCED_FACE('',(#151),#75,.T.);
#1274=ADVANCED_FACE('',(#152),#76,.T.);
#1275=ADVANCED_FACE('',(#153),#1221,.T.);
#1276=ADVANCED_FACE('',(#154),#1222,.T.);
#1277=ADVANCED_FACE('',(#155),#77,.F.);
#1278=ADVANCED_FACE('',(#156),#1223,.T.);
#1279=ADVANCED_FACE('',(#157),#78,.F.);
#1280=ADVANCED_FACE('',(#158),#1224,.F.);
#1281=ADVANCED_FACE('',(#159),#1225,.T.);
#1282=ADVANCED_FACE('',(#160),#79,.F.);
#1283=ADVANCED_FACE('',(#161,#31),#1226,.T.);
#1284=ADVANCED_FACE('',(#162,#32),#1227,.T.);
#1285=ADVANCED_FACE('',(#163),#1228,.T.);
#1286=ADVANCED_FACE('',(#164),#1229,.T.);
#1287=ADVANCED_FACE('',(#165,#33),#1230,.T.);
#1288=ADVANCED_FACE('',(#166),#1231,.T.);
#1289=ADVANCED_FACE('',(#167),#1232,.T.);
#1290=ADVANCED_FACE('',(#168),#1233,.T.);
#1291=ADVANCED_FACE('',(#169),#1234,.T.);
#1292=ADVANCED_FACE('',(#170),#27,.F.);
#1293=ADVANCED_FACE('',(#171),#80,.F.);
#1294=ADVANCED_FACE('',(#172),#28,.F.);
#1295=ADVANCED_FACE('',(#173),#81,.F.);
#1296=ADVANCED_FACE('',(#174),#1235,.T.);
#1297=ADVANCED_FACE('',(#175),#1236,.T.);
#1298=ADVANCED_FACE('',(#176),#1237,.T.);
#1299=ADVANCED_FACE('',(#177,#34,#35),#1238,.F.);
#1300=ADVANCED_FACE('',(#178),#29,.F.);
#1301=ADVANCED_FACE('',(#179),#82,.F.);
#1302=ADVANCED_FACE('',(#180),#30,.F.);
#1303=ADVANCED_FACE('',(#181),#83,.F.);
#1304=ADVANCED_FACE('',(#182),#84,.F.);
#1305=ADVANCED_FACE('',(#183),#1239,.F.);
#1306=ADVANCED_FACE('',(#184),#1240,.F.);
#1307=ADVANCED_FACE('',(#185),#1241,.F.);
#1308=ADVANCED_FACE('',(#186),#1242,.F.);
#1309=ADVANCED_FACE('',(#187),#1243,.F.);
#1310=ADVANCED_FACE('',(#188),#1244,.F.);
#1311=ADVANCED_FACE('',(#189),#1245,.F.);
#1312=ADVANCED_FACE('',(#190),#1246,.F.);
#1313=ADVANCED_FACE('',(#191),#1247,.F.);
#1314=ADVANCED_FACE('',(#192),#85,.F.);
#1315=ADVANCED_FACE('',(#193),#1248,.F.);
#1316=ADVANCED_FACE('',(#194),#1249,.F.);
#1317=ADVANCED_FACE('',(#195),#1250,.F.);
#1318=ADVANCED_FACE('',(#196),#1251,.F.);
#1319=ADVANCED_FACE('',(#197),#1252,.F.);
#1320=ADVANCED_FACE('',(#198),#1253,.F.);
#1321=ADVANCED_FACE('',(#199),#1254,.F.);
#1322=ADVANCED_FACE('',(#200),#1255,.F.);
#1323=ADVANCED_FACE('',(#201),#86,.F.);
#1324=ADVANCED_FACE('',(#202),#87,.F.);
#1325=ADVANCED_FACE('',(#203),#88,.F.);
#1326=ADVANCED_FACE('',(#204),#89,.F.);
#1327=ADVANCED_FACE('',(#205,#36),#1256,.T.);
#1328=ADVANCED_FACE('',(#206),#90,.T.);
#1329=ADVANCED_FACE('',(#207,#37,#38,#39,#40,#41,#42,#43,#44),#1257,.T.);
#1330=ADVANCED_FACE('',(#208,#45,#46,#47,#48,#49,#50,#51,#52,#53),#1258,
 .F.);
#1331=CLOSED_SHELL('',(#1259,#1260,#1261,#1262,#1263,#1264,#1265,#1266,
#1267,#1268,#1269,#1270,#1271,#1272,#1273,#1274,#1275,#1276,#1277,#1278,
#1279,#1280,#1281,#1282,#1283,#1284,#1285,#1286,#1287,#1288,#1289,#1290,
#1291,#1292,#1293,#1294,#1295,#1296,#1297,#1298,#1299));
#1332=CLOSED_SHELL('',(#1300,#1301,#1302,#1303,#1304,#1305,#1306,#1307,
#1308,#1309,#1310,#1311,#1312,#1313,#1314,#1315,#1316,#1317,#1318,#1319,
#1320,#1321,#1322,#1323,#1324,#1325,#1326,#1327,#1328,#1329,#1330));
#1333=DERIVED_UNIT_ELEMENT(#1337,1.);
#1334=DERIVED_UNIT_ELEMENT(#2444,-3.);
#1335=DERIVED_UNIT_ELEMENT(#1337,1.);
#1336=DERIVED_UNIT_ELEMENT(#2444,-3.);
#1337=(
MASS_UNIT()
NAMED_UNIT(*)
SI_UNIT(.KILO.,.GRAM.)
);
#1338=DERIVED_UNIT((#1333,#1334));
#1339=DERIVED_UNIT((#1335,#1336));
#1340=MEASURE_REPRESENTATION_ITEM('density measure',
POSITIVE_RATIO_MEASURE(7850.),#1338);
#1341=MEASURE_REPRESENTATION_ITEM('density measure',
POSITIVE_RATIO_MEASURE(7850.),#1339);
#1342=PROPERTY_DEFINITION_REPRESENTATION(#1352,#1346);
#1343=PROPERTY_DEFINITION_REPRESENTATION(#1353,#1347);
#1344=PROPERTY_DEFINITION_REPRESENTATION(#1354,#1348);
#1345=PROPERTY_DEFINITION_REPRESENTATION(#1355,#1349);
#1346=REPRESENTATION('material name',(#1350),#2440);
#1347=REPRESENTATION('density',(#1340),#2440);
#1348=REPRESENTATION('material name',(#1351),#2441);
#1349=REPRESENTATION('density',(#1341),#2441);
#1350=DESCRIPTIVE_REPRESENTATION_ITEM('Steel','Steel');
#1351=DESCRIPTIVE_REPRESENTATION_ITEM('Steel','Steel');
#1352=PROPERTY_DEFINITION('material property','material name',#2460);
#1353=PROPERTY_DEFINITION('material property','density of part',#2460);
#1354=PROPERTY_DEFINITION('material property','material name',#2461);
#1355=PROPERTY_DEFINITION('material property','density of part',#2461);
#1356=AXIS2_PLACEMENT_3D('',#1856,#1481,#1482);
#1357=AXIS2_PLACEMENT_3D('',#1857,#1483,#1484);
#1358=AXIS2_PLACEMENT_3D('',#1858,#1485,#1486);
#1359=AXIS2_PLACEMENT_3D('',#1871,#1493,#1494);
#1360=AXIS2_PLACEMENT_3D('',#1877,#1498,#1499);
#1361=AXIS2_PLACEMENT_3D('',#1883,#1502,#1503);
#1362=AXIS2_PLACEMENT_3D('',#1899,#1512,#1513);
#1363=AXIS2_PLACEMENT_3D('',#1903,#1516,#1517);
#1364=AXIS2_PLACEMENT_3D('',#1906,#1518,#1519);
#1365=AXIS2_PLACEMENT_3D('',#1908,#1520,#1521);
#1366=AXIS2_PLACEMENT_3D('',#1909,#1522,#1523);
#1367=AXIS2_PLACEMENT_3D('',#1910,#1524,#1525);
#1368=AXIS2_PLACEMENT_3D('',#1936,#1528,#1529);
#1369=AXIS2_PLACEMENT_3D('',#1939,#1530,#1531);
#1370=AXIS2_PLACEMENT_3D('',#1941,#1532,#1533);
#1371=AXIS2_PLACEMENT_3D('',#1943,#1534,#1535);
#1372=AXIS2_PLACEMENT_3D('',#1945,#1536,#1537);
#1373=AXIS2_PLACEMENT_3D('',#1946,#1538,#1539);
#1374=AXIS2_PLACEMENT_3D('',#1947,#1540,#1541);
#1375=AXIS2_PLACEMENT_3D('',#1950,#1542,#1543);
#1376=AXIS2_PLACEMENT_3D('',#1952,#1544,#1545);
#1377=AXIS2_PLACEMENT_3D('',#1953,#1546,#1547);
#1378=AXIS2_PLACEMENT_3D('',#1983,#1548,#1549);
#1379=AXIS2_PLACEMENT_3D('',#1985,#1550,#1551);
#1380=AXIS2_PLACEMENT_3D('',#2115,#1552,#1553);
#1381=AXIS2_PLACEMENT_3D('',#2116,#1554,#1555);
#1382=AXIS2_PLACEMENT_3D('',#2117,#1556,#1557);
#1383=AXIS2_PLACEMENT_3D('',#2118,#1558,#1559);
#1384=AXIS2_PLACEMENT_3D('',#2121,#1560,#1561);
#1385=AXIS2_PLACEMENT_3D('',#2124,#1564,#1565);
#1386=AXIS2_PLACEMENT_3D('',#2151,#1568,#1569);
#1387=AXIS2_PLACEMENT_3D('',#2152,#1570,#1571);
#1388=AXIS2_PLACEMENT_3D('',#2153,#1572,#1573);
#1389=AXIS2_PLACEMENT_3D('',#2156,#1574,#1575);
#1390=AXIS2_PLACEMENT_3D('',#2159,#1578,#1579);
#1391=AXIS2_PLACEMENT_3D('',#2178,#1582,#1583);
#1392=AXIS2_PLACEMENT_3D('',#2181,#1584,#1585);
#1393=AXIS2_PLACEMENT_3D('',#2184,#1588,#1589);
#1394=AXIS2_PLACEMENT_3D('',#2188,#1592,#1593);
#1395=AXIS2_PLACEMENT_3D('',#2190,#1595,#1596);
#1396=AXIS2_PLACEMENT_3D('',#2191,#1597,#1598);
#1397=AXIS2_PLACEMENT_3D('',#2192,#1599,#1600);
#1398=AXIS2_PLACEMENT_3D('',#2203,#1607,#1608);
#1399=AXIS2_PLACEMENT_3D('',#2205,#1609,#1610);
#1400=AXIS2_PLACEMENT_3D('',#2208,#1612,#1613);
#1401=AXIS2_PLACEMENT_3D('',#2209,#1614,#1615);
#1402=AXIS2_PLACEMENT_3D('',#2210,#1616,#1617);
#1403=AXIS2_PLACEMENT_3D('',#2211,#1618,#1619);
#1404=AXIS2_PLACEMENT_3D('',#2212,#1620,#1621);
#1405=AXIS2_PLACEMENT_3D('',#2213,#1622,#1623);
#1406=AXIS2_PLACEMENT_3D('',#2214,#1624,#1625);
#1407=AXIS2_PLACEMENT_3D('',#2219,#1628,#1629);
#1408=AXIS2_PLACEMENT_3D('',#2220,#1630,#1631);
#1409=AXIS2_PLACEMENT_3D('',#2225,#1634,#1635);
#1410=AXIS2_PLACEMENT_3D('',#2226,#1636,#1637);
#1411=AXIS2_PLACEMENT_3D('',#2228,#1639,#1640);
#1412=AXIS2_PLACEMENT_3D('',#2230,#1642,#1643);
#1413=AXIS2_PLACEMENT_3D('',#2236,#1647,#1648);
#1414=AXIS2_PLACEMENT_3D('',#2242,#1652,#1653);
#1415=AXIS2_PLACEMENT_3D('',#2244,#1655,#1656);
#1416=AXIS2_PLACEMENT_3D('',#2246,#1658,#1659);
#1417=AXIS2_PLACEMENT_3D('',#2247,#1660,#1661);
#1418=AXIS2_PLACEMENT_3D('',#2250,#1663,#1664);
#1419=AXIS2_PLACEMENT_3D('',#2251,#1665,#1666);
#1420=AXIS2_PLACEMENT_3D('',#2254,#1668,#1669);
#1421=AXIS2_PLACEMENT_3D('',#2255,#1670,#1671);
#1422=AXIS2_PLACEMENT_3D('',#2258,#1673,#1674);
#1423=AXIS2_PLACEMENT_3D('',#2259,#1675,#1676);
#1424=AXIS2_PLACEMENT_3D('',#2262,#1678,#1679);
#1425=AXIS2_PLACEMENT_3D('',#2263,#1680,#1681);
#1426=AXIS2_PLACEMENT_3D('',#2269,#1685,#1686);
#1427=AXIS2_PLACEMENT_3D('',#2271,#1688,#1689);
#1428=AXIS2_PLACEMENT_3D('',#2273,#1691,#1692);
#1429=AXIS2_PLACEMENT_3D('',#2274,#1693,#1694);
#1430=AXIS2_PLACEMENT_3D('',#2275,#1695,#1696);
#1431=AXIS2_PLACEMENT_3D('',#2277,#1697,#1698);
#1432=AXIS2_PLACEMENT_3D('',#2280,#1700,#1701);
#1433=AXIS2_PLACEMENT_3D('',#2281,#1702,#1703);
#1434=AXIS2_PLACEMENT_3D('',#2284,#1705,#1706);
#1435=AXIS2_PLACEMENT_3D('',#2285,#1707,#1708);
#1436=AXIS2_PLACEMENT_3D('',#2287,#1709,#1710);
#1437=AXIS2_PLACEMENT_3D('',#2290,#1712,#1713);
#1438=AXIS2_PLACEMENT_3D('',#2291,#1714,#1715);
#1439=AXIS2_PLACEMENT_3D('',#2293,#1717,#1718);
#1440=AXIS2_PLACEMENT_3D('',#2295,#1719,#1720);
#1441=AXIS2_PLACEMENT_3D('',#2298,#1722,#1723);
#1442=AXIS2_PLACEMENT_3D('',#2299,#1724,#1725);
#1443=AXIS2_PLACEMENT_3D('',#2300,#1726,#1727);
#1444=AXIS2_PLACEMENT_3D('',#2309,#1732,#1733);
#1445=AXIS2_PLACEMENT_3D('',#2315,#1737,#1738);
#1446=AXIS2_PLACEMENT_3D('',#2321,#1742,#1743);
#1447=AXIS2_PLACEMENT_3D('',#2324,#1746,#1747);
#1448=AXIS2_PLACEMENT_3D('',#2333,#1752,#1753);
#1449=AXIS2_PLACEMENT_3D('',#2339,#1757,#1758);
#1450=AXIS2_PLACEMENT_3D('',#2345,#1762,#1763);
#1451=AXIS2_PLACEMENT_3D('',#2348,#1766,#1767);
#1452=AXIS2_PLACEMENT_3D('',#2350,#1768,#1769);
#1453=AXIS2_PLACEMENT_3D('',#2353,#1771,#1772);
#1454=AXIS2_PLACEMENT_3D('',#2354,#1773,#1774);
#1455=AXIS2_PLACEMENT_3D('',#2363,#1779,#1780);
#1456=AXIS2_PLACEMENT_3D('',#2369,#1784,#1785);
#1457=AXIS2_PLACEMENT_3D('',#2375,#1789,#1790);
#1458=AXIS2_PLACEMENT_3D('',#2378,#1793,#1794);
#1459=AXIS2_PLACEMENT_3D('',#2387,#1799,#1800);
#1460=AXIS2_PLACEMENT_3D('',#2393,#1804,#1805);
#1461=AXIS2_PLACEMENT_3D('',#2399,#1809,#1810);
#1462=AXIS2_PLACEMENT_3D('',#2402,#1813,#1814);
#1463=AXIS2_PLACEMENT_3D('',#2404,#1815,#1816);
#1464=AXIS2_PLACEMENT_3D('',#2407,#1818,#1819);
#1465=AXIS2_PLACEMENT_3D('',#2408,#1820,#1821);
#1466=AXIS2_PLACEMENT_3D('',#2410,#1822,#1823);
#1467=AXIS2_PLACEMENT_3D('',#2413,#1825,#1826);
#1468=AXIS2_PLACEMENT_3D('',#2414,#1827,#1828);
#1469=AXIS2_PLACEMENT_3D('',#2416,#1829,#1830);
#1470=AXIS2_PLACEMENT_3D('',#2419,#1832,#1833);
#1471=AXIS2_PLACEMENT_3D('',#2420,#1834,#1835);
#1472=AXIS2_PLACEMENT_3D('',#2422,#1836,#1837);
#1473=AXIS2_PLACEMENT_3D('',#2424,#1839,#1840);
#1474=AXIS2_PLACEMENT_3D('',#2426,#1841,#1842);
#1475=AXIS2_PLACEMENT_3D('',#2427,#1843,#1844);
#1476=AXIS2_PLACEMENT_3D('',#2430,#1846,#1847);
#1477=AXIS2_PLACEMENT_3D('',#2431,#1848,#1849);
#1478=AXIS2_PLACEMENT_3D('',#2432,#1850,#1851);
#1479=AXIS2_PLACEMENT_3D('',#2433,#1852,#1853);
#1480=AXIS2_PLACEMENT_3D('',#2434,#1854,#1855);
#1481=DIRECTION('axis',(0.,0.,1.));
#1482=DIRECTION('refdir',(1.,0.,0.));
#1483=DIRECTION('axis',(0.,0.,1.));
#1484=DIRECTION('refdir',(1.,0.,0.));
#1485=DIRECTION('center_axis',(0.707106781186548,0.,0.707106781186548));
#1486=DIRECTION('ref_axis',(0.707106781186548,0.,-0.707106781186548));
#1487=DIRECTION('',(0.707106781186548,0.,-0.707106781186548));
#1488=DIRECTION('',(0.,1.,0.));
#1489=DIRECTION('',(-0.581040919808897,-0.569897270580639,0.581040919808897));
#1490=DIRECTION('',(0.,-1.,0.));
#1491=DIRECTION('',(-0.707106781186548,0.,0.707106781186548));
#1492=DIRECTION('',(0.,-1.,0.));
#1493=DIRECTION('center_axis',(1.,0.,0.));
#1494=DIRECTION('ref_axis',(0.,0.,-1.));
#1495=DIRECTION('',(0.,0.,-1.));
#1496=DIRECTION('',(0.,-1.,0.));
#1497=DIRECTION('',(0.,0.422618261740699,-0.90630778703665));
#1498=DIRECTION('center_axis',(0.,-1.,0.));
#1499=DIRECTION('ref_axis',(0.,0.,-1.));
#1500=DIRECTION('',(1.,0.,0.));
#1501=DIRECTION('',(0.,0.,-1.));
#1502=DIRECTION('center_axis',(0.,1.,0.));
#1503=DIRECTION('ref_axis',(0.707106781186548,0.,0.707106781186548));
#1504=DIRECTION('',(1.,0.,0.));
#1505=DIRECTION('',(0.,0.,-1.));
#1506=DIRECTION('',(1.,0.,0.));
#1507=DIRECTION('',(0.,0.,-1.));
#1508=DIRECTION('',(1.,0.,0.));
#1509=DIRECTION('',(0.,0.,-1.));
#1510=DIRECTION('',(1.,0.,0.));
#1511=DIRECTION('',(-0.707106781186548,0.,-0.707106781186548));
#1512=DIRECTION('center_axis',(0.,0.,1.));
#1513=DIRECTION('ref_axis',(0.,-1.,0.));
#1514=DIRECTION('',(1.,0.,0.));
#1515=DIRECTION('',(0.,-1.,0.));
#1516=DIRECTION('center_axis',(-0.871747944405471,0.391750127777538,-0.294257300353142));
#1517=DIRECTION('ref_axis',(0.489954611596668,0.697018377881459,-0.523555020480807));
#1518=DIRECTION('center_axis',(1.11022302462516E-14,1.,0.));
#1519=DIRECTION('ref_axis',(0.,0.,-1.));
#1520=DIRECTION('center_axis',(0.889205382094479,0.457508238673591,4.9360814441095E-15));
#1521=DIRECTION('ref_axis',(-0.422618261740702,0.82139380484327,0.383022221559485));
#1522=DIRECTION('center_axis',(0.,0.422618261740691,-0.906307787036654));
#1523=DIRECTION('ref_axis',(1.,0.,0.));
#1524=DIRECTION('center_axis',(-0.889205382094479,-0.457508238673591,0.));
#1525=DIRECTION('ref_axis',(-0.380450798862987,0.739437827287903,-0.555417760987403));
#1526=DIRECTION('',(0.889205382094479,0.457508238673591,2.12620044659211E-17));
#1527=DIRECTION('',(-0.889205382094479,-0.45750823867359,0.));
#1528=DIRECTION('center_axis',(-0.0793758926981919,-0.917758647093711,-0.389125343999958));
#1529=DIRECTION('ref_axis',(-0.183431961383673,0.397138597576117,-0.89924059620227));
#1530=DIRECTION('center_axis',(0.,1.,-8.88178419700144E-14));
#1531=DIRECTION('ref_axis',(-1.,0.,0.));
#1532=DIRECTION('center_axis',(9.85597365127063E-14,0.833192315971095,-0.552983331219597));
#1533=DIRECTION('ref_axis',(0.877517538035628,0.265180139847264,0.399552829886706));
#1534=DIRECTION('center_axis',(-0.979822526379805,3.57786716920214E-16,
0.199869499420736));
#1535=DIRECTION('ref_axis',(0.183431961383672,-0.397138597576116,0.899240596202271));
#1536=DIRECTION('center_axis',(9.85597365127063E-14,0.833192315971095,-0.552983331219597));
#1537=DIRECTION('ref_axis',(0.877517538035628,0.265180139847264,0.399552829886706));
#1538=DIRECTION('center_axis',(-0.289273696824303,0.957246430301833,0.));
#1539=DIRECTION('ref_axis',(0.,0.,-1.));
#1540=DIRECTION('center_axis',(-0.923161768918766,-0.280753992322395,-0.262582452197043));
#1541=DIRECTION('ref_axis',(-0.384411691298241,0.674228588906944,0.630589772747526));
#1542=DIRECTION('center_axis',(2.22044604925031E-14,1.,0.));
#1543=DIRECTION('ref_axis',(0.,0.,1.));
#1544=DIRECTION('center_axis',(-0.642347767258451,0.766413299661536,3.56574640513446E-15));
#1545=DIRECTION('ref_axis',(0.676656130549788,0.567120318570085,-0.469586014755926));
#1546=DIRECTION('center_axis',(4.27563993938088E-15,0.637765229341397,0.770230817510644));
#1547=DIRECTION('ref_axis',(-1.,0.,5.55111512312579E-15));
#1548=DIRECTION('center_axis',(-0.00255503149124607,0.00496591659206759,
-0.999984405621647));
#1549=DIRECTION('ref_axis',(0.457501104117017,-0.889191515489318,-0.00558466771801432));
#1550=DIRECTION('center_axis',(0.,0.,1.));
#1551=DIRECTION('ref_axis',(0.45750823867359,-0.889205382094479,0.));
#1552=DIRECTION('center_axis',(0.999981706150707,0.00548202827978209,0.00255631176908471));
#1553=DIRECTION('ref_axis',(0.00604874895503951,-0.906291207178581,-0.42261053042591));
#1554=DIRECTION('center_axis',(-1.,0.,0.));
#1555=DIRECTION('ref_axis',(0.,-0.90630778703665,-0.422618261740699));
#1556=DIRECTION('center_axis',(0.999981706150707,0.00548202827978209,0.00255631176908471));
#1557=DIRECTION('ref_axis',(0.00604874895503951,-0.906291207178581,-0.42261053042591));
#1558=DIRECTION('center_axis',(0.,1.,0.));
#1559=DIRECTION('ref_axis',(-0.707106781186548,0.,0.707106781186548));
#1560=DIRECTION('center_axis',(0.,-1.,0.));
#1561=DIRECTION('ref_axis',(-0.707106781186548,0.,0.707106781186548));
#1562=DIRECTION('',(0.,1.,0.));
#1563=DIRECTION('',(0.,-1.,0.));
#1564=DIRECTION('center_axis',(0.,1.,0.));
#1565=DIRECTION('ref_axis',(0.707106781186548,0.,0.707106781186548));
#1566=DIRECTION('',(0.,-1.,0.));
#1567=DIRECTION('',(0.,1.,0.));
#1568=DIRECTION('center_axis',(0.,0.,-1.));
#1569=DIRECTION('ref_axis',(-0.45750823867359,0.889205382094479,0.));
#1570=DIRECTION('center_axis',(0.00255503149124626,-0.00496591659206738,
0.999984405621647));
#1571=DIRECTION('ref_axis',(-0.457501104117017,0.889191515489318,0.00558466771801422));
#1572=DIRECTION('center_axis',(0.,1.,0.));
#1573=DIRECTION('ref_axis',(-0.707106781186555,0.,-0.70710678118654));
#1574=DIRECTION('center_axis',(0.,-1.,0.));
#1575=DIRECTION('ref_axis',(-0.707106781186555,0.,-0.70710678118654));
#1576=DIRECTION('',(0.,1.,0.));
#1577=DIRECTION('',(0.,-1.,0.));
#1578=DIRECTION('center_axis',(0.,0.422618261740699,-0.90630778703665));
#1579=DIRECTION('ref_axis',(0.537299608346817,0.764372234860316,0.356432626796429));
#1580=DIRECTION('',(0.,0.422618261740699,-0.90630778703665));
#1581=DIRECTION('',(0.,-0.422618261740699,0.90630778703665));
#1582=DIRECTION('center_axis',(0.,1.,0.));
#1583=DIRECTION('ref_axis',(0.70710678118654,0.,-0.707106781186555));
#1584=DIRECTION('center_axis',(0.,-1.,0.));
#1585=DIRECTION('ref_axis',(0.70710678118654,0.,-0.707106781186555));
#1586=DIRECTION('',(0.,1.,0.));
#1587=DIRECTION('',(0.,-1.,0.));
#1588=DIRECTION('center_axis',(0.,0.,1.));
#1589=DIRECTION('ref_axis',(0.,-1.,0.));
#1590=DIRECTION('',(1.,0.,0.));
#1591=DIRECTION('',(0.,1.,0.));
#1592=DIRECTION('center_axis',(-1.,0.,0.));
#1593=DIRECTION('ref_axis',(0.,0.,1.));
#1594=DIRECTION('',(0.,0.,1.));
#1595=DIRECTION('center_axis',(-0.422618261740699,0.82139380484327,0.383022221559489));
#1596=DIRECTION('ref_axis',(0.671542934237818,2.43154569231812E-16,0.740965645273289));
#1597=DIRECTION('center_axis',(-0.422618261740699,0.82139380484327,0.383022221559489));
#1598=DIRECTION('ref_axis',(0.671542934237818,-4.86631313830551E-17,0.740965645273289));
#1599=DIRECTION('center_axis',(0.,0.,-1.));
#1600=DIRECTION('ref_axis',(0.,1.,0.));
#1601=DIRECTION('',(-1.,0.,0.));
#1602=DIRECTION('',(1.,0.,0.));
#1603=DIRECTION('',(0.,1.,0.));
#1604=DIRECTION('',(-0.889205382094479,-0.457508238673591,0.));
#1605=DIRECTION('',(0.,1.,0.));
#1606=DIRECTION('',(0.,-1.,0.));
#1607=DIRECTION('center_axis',(0.422618261740699,-0.82139380484327,-0.383022221559489));
#1608=DIRECTION('ref_axis',(0.,-0.422618261740699,0.90630778703665));
#1609=DIRECTION('center_axis',(0.422618261740699,-0.82139380484327,-0.383022221559489));
#1610=DIRECTION('ref_axis',(0.,-0.422618261740699,0.90630778703665));
#1611=DIRECTION('',(0.422618261740699,-0.82139380484327,-0.383022221559489));
#1612=DIRECTION('center_axis',(0.422618261740699,-0.82139380484327,-0.383022221559489));
#1613=DIRECTION('ref_axis',(0.,-0.422618261740699,0.90630778703665));
#1614=DIRECTION('center_axis',(0.422618261740699,-0.82139380484327,-0.383022221559489));
#1615=DIRECTION('ref_axis',(0.,-0.422618261740699,0.90630778703665));
#1616=DIRECTION('center_axis',(-0.422618261740699,0.82139380484327,0.383022221559489));
#1617=DIRECTION('ref_axis',(0.671542934237818,-4.86631313830551E-17,0.740965645273289));
#1618=DIRECTION('center_axis',(-0.422618261740699,0.82139380484327,0.383022221559489));
#1619=DIRECTION('ref_axis',(0.671542934237818,-4.86631313830551E-17,0.740965645273289));
#1620=DIRECTION('center_axis',(-0.422618261740699,0.82139380484327,0.383022221559489));
#1621=DIRECTION('ref_axis',(0.671542934237818,2.43154569231812E-16,0.740965645273289));
#1622=DIRECTION('center_axis',(1.,0.,0.));
#1623=DIRECTION('ref_axis',(0.,0.90630778703665,0.422618261740699));
#1624=DIRECTION('center_axis',(1.,0.,0.));
#1625=DIRECTION('ref_axis',(0.,0.,-1.));
#1626=DIRECTION('',(0.,1.,0.));
#1627=DIRECTION('',(0.,0.,1.));
#1628=DIRECTION('center_axis',(-1.,0.,0.));
#1629=DIRECTION('ref_axis',(0.,1.,0.));
#1630=DIRECTION('center_axis',(1.,0.,0.));
#1631=DIRECTION('ref_axis',(0.,0.,-1.));
#1632=DIRECTION('',(0.,0.,1.));
#1633=DIRECTION('',(0.,-1.,0.));
#1634=DIRECTION('center_axis',(-1.,0.,0.));
#1635=DIRECTION('ref_axis',(0.,1.,0.));
#1636=DIRECTION('center_axis',(1.,0.,0.));
#1637=DIRECTION('ref_axis',(0.,0.,-1.));
#1638=DIRECTION('',(0.,0.,1.));
#1639=DIRECTION('center_axis',(0.707106781186548,0.,-0.707106781186548));
#1640=DIRECTION('ref_axis',(-0.707106781186548,0.,-0.707106781186548));
#1641=DIRECTION('',(0.706696343319387,0.0340669440662853,0.706696343319387));
#1642=DIRECTION('center_axis',(-0.422618261740699,0.82139380484327,0.383022221559489));
#1643=DIRECTION('ref_axis',(0.,-0.422618261740699,0.90630778703665));
#1644=DIRECTION('',(0.,-0.422618261740699,0.90630778703665));
#1645=DIRECTION('',(-0.706696343319387,-0.0340669440662853,-0.706696343319387));
#1646=DIRECTION('',(0.889205382094479,0.457508238673591,0.));
#1647=DIRECTION('center_axis',(-0.707106781186548,0.,0.707106781186548));
#1648=DIRECTION('ref_axis',(0.707106781186548,0.,0.707106781186548));
#1649=DIRECTION('',(0.,-1.,0.));
#1650=DIRECTION('',(-0.707106781186548,0.,-0.707106781186548));
#1651=DIRECTION('',(0.,1.,0.));
#1652=DIRECTION('center_axis',(0.,0.,1.));
#1653=DIRECTION('ref_axis',(1.,0.,0.));
#1654=DIRECTION('',(-1.,0.,0.));
#1655=DIRECTION('center_axis',(-1.,0.,0.));
#1656=DIRECTION('ref_axis',(0.,0.,1.));
#1657=DIRECTION('',(0.,0.,-1.));
#1658=DIRECTION('center_axis',(0.,1.,0.));
#1659=DIRECTION('ref_axis',(0.,0.,1.));
#1660=DIRECTION('center_axis',(1.,0.,0.));
#1661=DIRECTION('ref_axis',(0.,1.,0.));
#1662=DIRECTION('',(-0.707106781186548,0.707106781186547,-8.65956056235493E-17));
#1663=DIRECTION('center_axis',(-1.,0.,0.));
#1664=DIRECTION('ref_axis',(0.,1.,0.));
#1665=DIRECTION('center_axis',(-1.,0.,0.));
#1666=DIRECTION('ref_axis',(0.,1.,0.));
#1667=DIRECTION('',(-1.,0.,0.));
#1668=DIRECTION('center_axis',(1.,0.,0.));
#1669=DIRECTION('ref_axis',(0.,1.,0.));
#1670=DIRECTION('center_axis',(1.,0.,0.));
#1671=DIRECTION('ref_axis',(0.,1.,0.));
#1672=DIRECTION('',(-0.707106781186548,0.707106781186547,-8.65956056235493E-17));
#1673=DIRECTION('center_axis',(-1.,0.,0.));
#1674=DIRECTION('ref_axis',(0.,1.,0.));
#1675=DIRECTION('center_axis',(-1.,0.,0.));
#1676=DIRECTION('ref_axis',(0.,1.,0.));
#1677=DIRECTION('',(-1.,0.,0.));
#1678=DIRECTION('center_axis',(1.,0.,0.));
#1679=DIRECTION('ref_axis',(0.,1.,0.));
#1680=DIRECTION('center_axis',(0.,1.,0.));
#1681=DIRECTION('ref_axis',(0.,0.,1.));
#1682=DIRECTION('',(0.,0.,1.));
#1683=DIRECTION('',(1.,0.,0.));
#1684=DIRECTION('',(1.,0.,0.));
#1685=DIRECTION('center_axis',(0.,0.,-1.));
#1686=DIRECTION('ref_axis',(0.,1.,0.));
#1687=DIRECTION('',(0.,1.,0.));
#1688=DIRECTION('center_axis',(0.,0.,1.));
#1689=DIRECTION('ref_axis',(0.,-1.,0.));
#1690=DIRECTION('',(0.,-1.,0.));
#1691=DIRECTION('center_axis',(1.,0.,0.));
#1692=DIRECTION('ref_axis',(0.,0.,-1.));
#1693=DIRECTION('axis',(0.,0.,1.));
#1694=DIRECTION('refdir',(1.,0.,0.));
#1695=DIRECTION('center_axis',(-0.422618261740698,0.821393804843271,0.383022221559489));
#1696=DIRECTION('ref_axis',(0.671542934237818,-1.05550971090345E-16,0.740965645273289));
#1697=DIRECTION('center_axis',(0.422618261740699,-0.82139380484327,-0.383022221559489));
#1698=DIRECTION('ref_axis',(0.671542934237818,-9.35579024419908E-18,0.740965645273289));
#1699=DIRECTION('',(-0.773688801387593,0.580813129429294,-0.253104222189162));
#1700=DIRECTION('center_axis',(-0.422618261740699,0.82139380484327,0.383022221559489));
#1701=DIRECTION('ref_axis',(0.671542934237818,-1.48174557165516E-16,0.740965645273289));
#1702=DIRECTION('center_axis',(-0.422618261740699,0.82139380484327,0.383022221559489));
#1703=DIRECTION('ref_axis',(0.671542934237818,-9.35579024419908E-18,0.740965645273289));
#1704=DIRECTION('',(0.422618261740699,-0.82139380484327,-0.383022221559489));
#1705=DIRECTION('center_axis',(-0.422618261740699,0.82139380484327,0.383022221559489));
#1706=DIRECTION('ref_axis',(0.671542934237818,-9.35579024419908E-18,0.740965645273289));
#1707=DIRECTION('center_axis',(0.422618261740698,-0.821393804843271,-0.383022221559489));
#1708=DIRECTION('ref_axis',(0.671542934237818,-3.70297974755707E-16,0.740965645273289));
#1709=DIRECTION('center_axis',(0.422618261740699,-0.82139380484327,-0.383022221559489));
#1710=DIRECTION('ref_axis',(0.671542934237818,-5.62688336447998E-16,0.740965645273289));
#1711=DIRECTION('',(0.176016323927351,0.580813129429298,0.794779442608858));
#1712=DIRECTION('center_axis',(0.422618261740699,-0.82139380484327,-0.383022221559489));
#1713=DIRECTION('ref_axis',(0.671542934237818,-9.35579024419908E-18,0.740965645273289));
#1714=DIRECTION('center_axis',(-0.422618261740699,0.82139380484327,0.38302222155949));
#1715=DIRECTION('ref_axis',(0.671542934237818,-5.62688336447998E-16,0.740965645273289));
#1716=DIRECTION('',(-0.422618261740699,0.82139380484327,0.38302222155949));
#1717=DIRECTION('center_axis',(-0.422618261740699,0.82139380484327,0.383022221559489));
#1718=DIRECTION('ref_axis',(0.,0.422618261740699,-0.90630778703665));
#1719=DIRECTION('center_axis',(-0.422618261740699,0.82139380484327,0.383022221559489));
#1720=DIRECTION('ref_axis',(0.,0.422618261740699,-0.90630778703665));
#1721=DIRECTION('',(-0.422618261740699,0.82139380484327,0.383022221559489));
#1722=DIRECTION('center_axis',(-0.422618261740699,0.82139380484327,0.383022221559489));
#1723=DIRECTION('ref_axis',(0.,0.422618261740699,-0.90630778703665));
#1724=DIRECTION('center_axis',(-0.422618261740699,0.82139380484327,0.383022221559489));
#1725=DIRECTION('ref_axis',(0.,0.422618261740699,-0.90630778703665));
#1726=DIRECTION('center_axis',(-0.668253437583995,0.00307355450016622,-0.743927346197133));
#1727=DIRECTION('ref_axis',(0.612234553092556,0.570353198139393,-0.547600293436485));
#1728=DIRECTION('',(-0.612234553092557,-0.570353198139391,0.547600293436486));
#1729=DIRECTION('',(0.422618261740707,-0.821393804843263,-0.383022221559494));
#1730=DIRECTION('',(0.612234553092557,0.570353198139391,-0.547600293436486));
#1731=DIRECTION('',(0.422618261740707,-0.821393804843263,-0.383022221559494));
#1732=DIRECTION('center_axis',(-0.612234553092547,-0.5703531981394,0.547600293436488));
#1733=DIRECTION('ref_axis',(-0.668253437584,0.00307355450016359,-0.743927346197128));
#1734=DIRECTION('',(0.668253437584,-0.00307355450016317,0.743927346197128));
#1735=DIRECTION('',(-0.668253437584,0.00307355450016311,-0.743927346197128));
#1736=DIRECTION('',(0.422618261740707,-0.821393804843263,-0.383022221559494));
#1737=DIRECTION('center_axis',(0.668253437583998,-0.00307355450016264,0.74392734619713));
#1738=DIRECTION('ref_axis',(-0.612234553092553,-0.57035319813939,0.547600293436491));
#1739=DIRECTION('',(0.612234553092553,0.570353198139391,-0.547600293436491));
#1740=DIRECTION('',(-0.612234553092553,-0.570353198139391,0.547600293436491));
#1741=DIRECTION('',(0.422618261740707,-0.821393804843263,-0.383022221559494));
#1742=DIRECTION('center_axis',(0.612234553092548,0.5703531981394,-0.547600293436487));
#1743=DIRECTION('ref_axis',(0.668253437584,-0.00307355450016557,0.743927346197128));
#1744=DIRECTION('',(-0.668253437583999,0.00307355450016386,-0.743927346197129));
#1745=DIRECTION('',(0.668253437583999,-0.00307355450016383,0.743927346197129));
#1746=DIRECTION('center_axis',(-0.612234553092548,-0.5703531981394,0.547600293436488));
#1747=DIRECTION('ref_axis',(-0.668253437584,0.0030735545001646,-0.743927346197128));
#1748=DIRECTION('',(0.668253437584,-0.00307355450016317,0.743927346197128));
#1749=DIRECTION('',(0.422618261740706,-0.821393804843263,-0.383022221559495));
#1750=DIRECTION('',(-0.668253437584,0.00307355450016314,-0.743927346197128));
#1751=DIRECTION('',(0.422618261740706,-0.821393804843263,-0.383022221559495));
#1752=DIRECTION('center_axis',(0.668253437583997,-0.00307355450016555,0.743927346197131));
#1753=DIRECTION('ref_axis',(-0.612234553092553,-0.570353198139395,0.547600293436486));
#1754=DIRECTION('',(0.612234553092555,0.570353198139391,-0.547600293436488));
#1755=DIRECTION('',(-0.612234553092555,-0.570353198139391,0.547600293436488));
#1756=DIRECTION('',(0.422618261740706,-0.821393804843263,-0.383022221559495));
#1757=DIRECTION('center_axis',(0.612234553092551,0.5703531981394,-0.547600293436484));
#1758=DIRECTION('ref_axis',(0.668253437583997,-0.00307355450016665,0.743927346197131));
#1759=DIRECTION('',(-0.668253437583997,0.00307355450016594,-0.743927346197131));
#1760=DIRECTION('',(0.668253437583997,-0.00307355450016591,0.743927346197131));
#1761=DIRECTION('',(0.422618261740706,-0.821393804843263,-0.383022221559495));
#1762=DIRECTION('center_axis',(-0.668253437584001,0.00307355450016131,-0.743927346197127));
#1763=DIRECTION('ref_axis',(0.612234553092549,0.570353198139393,-0.547600293436492));
#1764=DIRECTION('',(-0.61223455309255,-0.570353198139391,0.547600293436494));
#1765=DIRECTION('',(0.61223455309255,0.570353198139391,-0.547600293436494));
#1766=DIRECTION('center_axis',(0.422618261740707,-0.821393804843263,-0.383022221559495));
#1767=DIRECTION('ref_axis',(-0.612234553092555,-0.5703531981394,0.547600293436479));
#1768=DIRECTION('center_axis',(0.422618261740699,-0.82139380484327,-0.383022221559489));
#1769=DIRECTION('ref_axis',(-0.612234553092555,-0.5703531981394,0.547600293436479));
#1770=DIRECTION('',(0.422618261740707,-0.821393804843263,-0.383022221559494));
#1771=DIRECTION('center_axis',(-0.422618261740699,0.82139380484327,0.383022221559489));
#1772=DIRECTION('ref_axis',(-0.612234553092555,-0.5703531981394,0.547600293436479));
#1773=DIRECTION('center_axis',(0.668253437583996,-0.00307355450016594,0.743927346197132));
#1774=DIRECTION('ref_axis',(-0.612234553092556,-0.57035319813939,0.547600293436488));
#1775=DIRECTION('',(0.612234553092556,0.570353198139391,-0.547600293436487));
#1776=DIRECTION('',(0.422618261740707,-0.821393804843263,-0.383022221559495));
#1777=DIRECTION('',(-0.612234553092556,-0.570353198139391,0.547600293436487));
#1778=DIRECTION('',(0.422618261740707,-0.821393804843263,-0.383022221559495));
#1779=DIRECTION('center_axis',(0.61223455309255,0.5703531981394,-0.547600293436485));
#1780=DIRECTION('ref_axis',(0.668253437583998,-0.00307355450016704,0.74392734619713));
#1781=DIRECTION('',(-0.668253437583997,0.00307355450016533,-0.74392734619713));
#1782=DIRECTION('',(0.668253437583997,-0.0030735545001653,0.74392734619713));
#1783=DIRECTION('',(0.422618261740707,-0.821393804843263,-0.383022221559495));
#1784=DIRECTION('center_axis',(-0.668253437583996,0.00307355450016547,-0.743927346197131));
#1785=DIRECTION('ref_axis',(0.612234553092551,0.5703531981394,-0.547600293436484));
#1786=DIRECTION('',(-0.612234553092555,-0.570353198139391,0.547600293436488));
#1787=DIRECTION('',(0.612234553092555,0.570353198139391,-0.547600293436488));
#1788=DIRECTION('',(0.422618261740707,-0.821393804843263,-0.383022221559495));
#1789=DIRECTION('center_axis',(-0.612234553092548,-0.5703531981394,0.547600293436487));
#1790=DIRECTION('ref_axis',(-0.668253437583999,0.00307355450016298,-0.743927346197129));
#1791=DIRECTION('',(0.668253437583999,-0.00307355450016383,0.743927346197129));
#1792=DIRECTION('',(-0.668253437583999,0.0030735545001638,-0.743927346197129));
#1793=DIRECTION('center_axis',(0.668253437583997,-0.00307355450016497,0.743927346197131));
#1794=DIRECTION('ref_axis',(-0.612234553092556,-0.57035319813939,0.547600293436489));
#1795=DIRECTION('',(0.612234553092555,0.570353198139391,-0.547600293436488));
#1796=DIRECTION('',(0.422618261740707,-0.821393804843263,-0.383022221559495));
#1797=DIRECTION('',(-0.612234553092555,-0.570353198139391,0.547600293436488));
#1798=DIRECTION('',(0.422618261740707,-0.821393804843263,-0.383022221559495));
#1799=DIRECTION('center_axis',(0.612234553092549,0.5703531981394,-0.547600293436486));
#1800=DIRECTION('ref_axis',(0.668253437583999,-0.00307355450016612,0.743927346197128));
#1801=DIRECTION('',(-0.668253437583999,0.00307355450016428,-0.743927346197129));
#1802=DIRECTION('',(0.668253437583999,-0.00307355450016425,0.743927346197129));
#1803=DIRECTION('',(0.422618261740707,-0.821393804843263,-0.383022221559495));
#1804=DIRECTION('center_axis',(-0.668253437584,0.00307355450016197,-0.743927346197128));
#1805=DIRECTION('ref_axis',(0.61223455309255,0.570353198139395,-0.54760029343649));
#1806=DIRECTION('',(-0.612234553092552,-0.570353198139391,0.547600293436492));
#1807=DIRECTION('',(0.612234553092552,0.570353198139391,-0.547600293436492));
#1808=DIRECTION('',(0.422618261740707,-0.821393804843263,-0.383022221559495));
#1809=DIRECTION('center_axis',(-0.61223455309255,-0.5703531981394,0.547600293436484));
#1810=DIRECTION('ref_axis',(-0.668253437583997,0.00307355450016465,-0.743927346197131));
#1811=DIRECTION('',(0.668253437583997,-0.00307355450016541,0.74392734619713));
#1812=DIRECTION('',(-0.668253437583997,0.00307355450016539,-0.74392734619713));
#1813=DIRECTION('center_axis',(0.422618261740706,-0.821393804843264,-0.383022221559495));
#1814=DIRECTION('ref_axis',(-0.612234553092543,-0.5703531981394,0.547600293436493));
#1815=DIRECTION('center_axis',(0.422618261740699,-0.82139380484327,-0.383022221559489));
#1816=DIRECTION('ref_axis',(-0.612234553092543,-0.5703531981394,0.547600293436493));
#1817=DIRECTION('',(0.422618261740706,-0.821393804843264,-0.383022221559495));
#1818=DIRECTION('center_axis',(-0.422618261740699,0.82139380484327,0.383022221559489));
#1819=DIRECTION('ref_axis',(-0.612234553092543,-0.5703531981394,0.547600293436493));
#1820=DIRECTION('center_axis',(0.422618261740707,-0.821393804843263,-0.383022221559495));
#1821=DIRECTION('ref_axis',(0.612234553092544,0.5703531981394,-0.547600293436491));
#1822=DIRECTION('center_axis',(0.422618261740699,-0.82139380484327,-0.383022221559489));
#1823=DIRECTION('ref_axis',(0.612234553092544,0.5703531981394,-0.547600293436491));
#1824=DIRECTION('',(0.422618261740707,-0.821393804843263,-0.383022221559495));
#1825=DIRECTION('center_axis',(-0.422618261740699,0.82139380484327,0.383022221559489));
#1826=DIRECTION('ref_axis',(0.612234553092544,0.5703531981394,-0.547600293436491));
#1827=DIRECTION('center_axis',(0.422618261740707,-0.821393804843263,-0.383022221559495));
#1828=DIRECTION('ref_axis',(-0.612234553092548,-0.5703531981394,0.547600293436487));
#1829=DIRECTION('center_axis',(0.422618261740699,-0.82139380484327,-0.383022221559489));
#1830=DIRECTION('ref_axis',(-0.612234553092548,-0.5703531981394,0.547600293436487));
#1831=DIRECTION('',(0.422618261740707,-0.821393804843263,-0.383022221559495));
#1832=DIRECTION('center_axis',(-0.422618261740699,0.82139380484327,0.383022221559489));
#1833=DIRECTION('ref_axis',(-0.612234553092548,-0.5703531981394,0.547600293436487));
#1834=DIRECTION('center_axis',(-0.422618261740699,0.82139380484327,0.383022221559489));
#1835=DIRECTION('ref_axis',(0.671542934237818,-9.35579024419908E-18,0.740965645273289));
#1836=DIRECTION('center_axis',(0.422618261740699,-0.82139380484327,-0.383022221559489));
#1837=DIRECTION('ref_axis',(0.671542934237818,-8.59412527638133E-17,0.740965645273289));
#1838=DIRECTION('',(0.422618261740699,-0.82139380484327,-0.383022221559489));
#1839=DIRECTION('center_axis',(-0.422618261740699,0.82139380484327,0.383022221559489));
#1840=DIRECTION('ref_axis',(0.671542934237818,-8.59412527638133E-17,0.740965645273289));
#1841=DIRECTION('center_axis',(-0.422618261740699,0.82139380484327,0.383022221559489));
#1842=DIRECTION('ref_axis',(0.671542934237818,-8.59412527638133E-17,0.740965645273289));
#1843=DIRECTION('center_axis',(-0.422618261740699,0.82139380484327,0.383022221559489));
#1844=DIRECTION('ref_axis',(0.671542934237818,2.43154569231812E-16,0.740965645273289));
#1845=DIRECTION('',(0.422618261740699,-0.82139380484327,-0.383022221559489));
#1846=DIRECTION('center_axis',(-0.422618261740699,0.82139380484327,0.383022221559489));
#1847=DIRECTION('ref_axis',(0.671542934237818,-4.86631313830551E-17,0.740965645273289));
#1848=DIRECTION('center_axis',(-0.422618261740699,0.82139380484327,0.383022221559489));
#1849=DIRECTION('ref_axis',(0.671542934237818,-1.1385010002297E-17,0.740965645273289));
#1850=DIRECTION('center_axis',(-0.422618261740699,0.82139380484327,0.383022221559489));
#1851=DIRECTION('ref_axis',(0.671542934237818,-4.86631313830551E-17,0.740965645273289));
#1852=DIRECTION('',(0.,0.,1.));
#1853=DIRECTION('',(1.,0.,0.));
#1854=DIRECTION('',(0.,0.,1.));
#1855=DIRECTION('',(1.,0.,0.));
#1856=CARTESIAN_POINT('',(0.,0.,0.));
#1857=CARTESIAN_POINT('',(0.,0.,0.));
#1858=CARTESIAN_POINT('Origin',(39.,13.125,-29.));
#1859=CARTESIAN_POINT('',(34.,4.44089209850063E-15,-24.));
#1860=CARTESIAN_POINT('',(44.,4.44089209850063E-15,-34.));
#1861=CARTESIAN_POINT('',(22.,0.,-12.));
#1862=CARTESIAN_POINT('',(44.,41.74601081594,-34.));
#1863=CARTESIAN_POINT('',(44.,13.125,-34.));
#1864=CARTESIAN_POINT('',(40.,37.8227258895147,-30.));
#1865=CARTESIAN_POINT('',(35.040874706179,32.9587105111391,-25.040874706179));
#1866=CARTESIAN_POINT('',(40.,17.5,-30.));
#1867=CARTESIAN_POINT('',(40.,15.3125,-30.));
#1868=CARTESIAN_POINT('',(34.,17.5,-24.));
#1869=CARTESIAN_POINT('',(34.,17.5,-24.));
#1870=CARTESIAN_POINT('',(34.,13.125,-24.));
#1871=CARTESIAN_POINT('Origin',(44.,8.75,-34.));
#1872=CARTESIAN_POINT('',(44.,4.44089209850063E-15,-38.294));
#1873=CARTESIAN_POINT('',(44.,4.44089209850063E-15,-44.));
#1874=CARTESIAN_POINT('',(44.,43.7483359000576,-38.294));
#1875=CARTESIAN_POINT('',(44.,4.375,-38.294));
#1876=CARTESIAN_POINT('',(44.,38.4382516222285,-26.9064875177066));
#1877=CARTESIAN_POINT('Origin',(0.,0.,0.));
#1878=CARTESIAN_POINT('',(14.,4.44089209850063E-15,-24.));
#1879=CARTESIAN_POINT('',(4.,4.44089209850063E-15,-24.));
#1880=CARTESIAN_POINT('',(14.,4.44089209850063E-15,-16.9));
#1881=CARTESIAN_POINT('',(14.,4.44089209850063E-15,-16.5));
#1882=CARTESIAN_POINT('',(13.6,4.44089209850063E-15,-16.5));
#1883=CARTESIAN_POINT('Origin',(13.6,0.,-16.9));
#1884=CARTESIAN_POINT('',(4.,4.44089209850063E-15,-16.5));
#1885=CARTESIAN_POINT('',(4.,4.44089209850063E-15,-16.5));
#1886=CARTESIAN_POINT('',(4.,0.,0.));
#1887=CARTESIAN_POINT('',(4.,0.,0.));
#1888=CARTESIAN_POINT('',(0.,0.,0.));
#1889=CARTESIAN_POINT('',(0.,0.,0.));
#1890=CARTESIAN_POINT('',(0.,0.,-60.));
#1891=CARTESIAN_POINT('',(0.,0.,0.));
#1892=CARTESIAN_POINT('',(4.,0.,-60.));
#1893=CARTESIAN_POINT('',(0.,0.,-60.));
#1894=CARTESIAN_POINT('',(4.,4.44089209850063E-15,-44.));
#1895=CARTESIAN_POINT('',(4.,0.,0.));
#1896=CARTESIAN_POINT('',(38.294,4.44089209850063E-15,-44.));
#1897=CARTESIAN_POINT('',(4.,4.44089209850063E-15,-44.));
#1898=CARTESIAN_POINT('',(41.147,0.,-41.147));
#1899=CARTESIAN_POINT('Origin',(4.,17.5,-24.));
#1900=CARTESIAN_POINT('',(14.,17.5,-24.));
#1901=CARTESIAN_POINT('',(4.,17.5,-24.));
#1902=CARTESIAN_POINT('',(14.,13.125,-24.));
#1903=CARTESIAN_POINT('Origin',(13.6,30.0943745684858,-43.6));
#1904=CARTESIAN_POINT('',(13.6,30.0943745684858,-44.));
#1905=CARTESIAN_POINT('',(14.,30.0943745684858,-43.6));
#1906=CARTESIAN_POINT('Origin',(13.6,30.0943745684858,-43.6));
#1907=CARTESIAN_POINT('',(13.4309526953037,30.4229320904231,-43.4467911113762));
#1908=CARTESIAN_POINT('Origin',(13.6,30.0943745684858,-43.6));
#1909=CARTESIAN_POINT('Origin',(13.6,30.0943745684858,-43.6));
#1910=CARTESIAN_POINT('Origin',(9.77125553916019,28.1244335741071,-43.6));
#1911=CARTESIAN_POINT('',(5.28712915279122,26.2328243380079,-43.4467911113762));
#1912=CARTESIAN_POINT('',(9.60220823446391,28.4529910960444,-43.4467911113762));
#1913=CARTESIAN_POINT('',(5.0676582136336,25.7043689060731,-44.));
#1914=CARTESIAN_POINT('',(9.77125553916019,28.1244335741071,-44.));
#1915=CARTESIAN_POINT('',(5.28791909523803,26.2347520723191,-43.4500951445186));
#1916=CARTESIAN_POINT('Ctrl Pts',(5.0676582136336,25.7043689060731,-44.));
#1917=CARTESIAN_POINT('Ctrl Pts',(5.06821649306301,25.7057162378794,-44.));
#1918=CARTESIAN_POINT('Ctrl Pts',(5.06877478289572,25.7070635719276,-43.9999966678813));
#1919=CARTESIAN_POINT('Ctrl Pts',(5.1039352682057,25.7919157616821,-43.99957696512));
#1920=CARTESIAN_POINT('Ctrl Pts',(5.13913724409629,25.8767754519936,-43.9863570601054));
#1921=CARTESIAN_POINT('Ctrl Pts',(5.20088399738021,26.0254774781578,-43.9353835446201));
#1922=CARTESIAN_POINT('Ctrl Pts',(5.22637182145915,26.0867972673352,-43.9022465969163));
#1923=CARTESIAN_POINT('Ctrl Pts',(5.26212939317602,26.172779156369,-43.8327592903309));
#1924=CARTESIAN_POINT('Ctrl Pts',(5.27558011534917,26.2051054336183,-43.7982691789104));
#1925=CARTESIAN_POINT('Ctrl Pts',(5.2936620323135,26.2485506735759,-43.7277689265242));
#1926=CARTESIAN_POINT('Ctrl Pts',(5.29953569634555,26.2626589322588,-43.6944653384127));
#1927=CARTESIAN_POINT('Ctrl Pts',(5.30567260398628,26.2773989626915,-43.6252365503254));
#1928=CARTESIAN_POINT('Ctrl Pts',(5.30609739156853,26.2784190793892,-43.5909974257279));
#1929=CARTESIAN_POINT('Ctrl Pts',(5.30144320363666,26.2672406190865,-43.518811730973));
#1930=CARTESIAN_POINT('Ctrl Pts',(5.29582611963727,26.2537494020126,-43.4829360561627));
#1931=CARTESIAN_POINT('Ctrl Pts',(5.28791909523816,26.2347520723187,-43.4500951445186));
#1932=CARTESIAN_POINT('Ctrl Pts',(5.28791909523818,26.2347520723188,-43.4500951445187));
#1933=CARTESIAN_POINT('Ctrl Pts',(5.28765301157436,26.2341127826401,-43.4489899967852));
#1934=CARTESIAN_POINT('Ctrl Pts',(5.28738969777293,26.2334701725363,-43.4478886284122));
#1935=CARTESIAN_POINT('Ctrl Pts',(5.28712915279122,26.2328243380079,-43.4467911113762));
#1936=CARTESIAN_POINT('Origin',(4.4,27.8492676267851,-43.6));
#1937=CARTESIAN_POINT('',(4.,27.8492676267851,-43.6));
#1938=CARTESIAN_POINT('',(4.4,27.8492676267851,-44.));
#1939=CARTESIAN_POINT('Origin',(4.4,27.8492676267851,-43.6));
#1940=CARTESIAN_POINT('',(4.46702251259437,28.0673338411856,-43.2714347721645));
#1941=CARTESIAN_POINT('Origin',(4.4,27.8492676267851,-43.6));
#1942=CARTESIAN_POINT('',(4.43175035707928,28.2163710856226,-43.4443498624));
#1943=CARTESIAN_POINT('Origin',(4.4,27.8492676267851,-43.6));
#1944=CARTESIAN_POINT('',(4.75100701521425,27.955339682724,-43.4401788680453));
#1945=CARTESIAN_POINT('Origin',(4.4,27.8492676267851,-43.6));
#1946=CARTESIAN_POINT('Origin',(4.4,27.8492676267851,-43.6));
#1947=CARTESIAN_POINT('Origin',(4.4,30.0959154774463,-16.9));
#1948=CARTESIAN_POINT('',(4.40000000000001,30.0959154774463,-16.5));
#1949=CARTESIAN_POINT('',(4.,30.0959154774463,-16.9));
#1950=CARTESIAN_POINT('Origin',(4.4,30.0959154774463,-16.9));
#1951=CARTESIAN_POINT('',(4.67066245221991,30.3227636048744,-17.0878344059024));
#1952=CARTESIAN_POINT('Origin',(4.4,30.0959154774463,-16.9));
#1953=CARTESIAN_POINT('Origin',(4.4,30.0959154774463,-16.9));
#1954=CARTESIAN_POINT('Ctrl Pts',(4.4,30.0959154774463,-16.5));
#1955=CARTESIAN_POINT('Ctrl Pts',(7.52315593595283,26.369541123493,-16.5));
#1956=CARTESIAN_POINT('Ctrl Pts',(10.6879785333584,23.0591391547433,-16.5));
#1957=CARTESIAN_POINT('Ctrl Pts',(13.7971583634409,20.2664951578083,-16.5));
#1958=CARTESIAN_POINT('Ctrl Pts',(4.46013404723242,30.1463151390819,-16.5));
#1959=CARTESIAN_POINT('Ctrl Pts',(7.58341181062781,26.4242176776299,-16.4999711081587));
#1960=CARTESIAN_POINT('Ctrl Pts',(10.7477680974253,23.1185338564328,-16.5000397665339));
#1961=CARTESIAN_POINT('Ctrl Pts',(13.8551979878155,20.3311133582123,-16.5));
#1962=CARTESIAN_POINT('Ctrl Pts',(4.58025552731043,30.2469915816254,-16.5476184018738));
#1963=CARTESIAN_POINT('Ctrl Pts',(7.70378045167403,26.5334518320885,-16.5511755586624));
#1964=CARTESIAN_POINT('Ctrl Pts',(10.8671343412043,23.2370830110297,-16.5549313818199));
#1965=CARTESIAN_POINT('Ctrl Pts',(13.9710684759094,20.4601173361195,-16.5587551184106));
#1966=CARTESIAN_POINT('Ctrl Pts',(4.7000318267471,30.3473787207154,-16.7373886385884));
#1967=CARTESIAN_POINT('Ctrl Pts',(7.81952313318174,26.6387712070683,-16.7534298831683));
#1968=CARTESIAN_POINT('Ctrl Pts',(10.9774456909686,23.3471902150089,-16.7699487293112));
#1969=CARTESIAN_POINT('Ctrl Pts',(14.0739605316436,20.5746718245239,-16.7863938709994));
#1970=CARTESIAN_POINT('Ctrl Pts',(4.71554624463897,30.3603816940427,-16.941170836963));
#1971=CARTESIAN_POINT('Ctrl Pts',(7.82677549454805,26.6459357683877,-16.9663598554929));
#1972=CARTESIAN_POINT('Ctrl Pts',(10.9760681509599,23.3467452169083,-16.9911644512786));
#1973=CARTESIAN_POINT('Ctrl Pts',(14.0650014417515,20.5646972550411,-17.0149038887998));
#1974=CARTESIAN_POINT('Ctrl Pts',(4.68478150601542,30.3345970930006,-17.0531980339638));
#1975=CARTESIAN_POINT('Ctrl Pts',(7.78991663783784,26.6128968132461,-17.0797281585338));
#1976=CARTESIAN_POINT('Ctrl Pts',(10.9336641743409,23.3052585947281,-17.1048021611554));
#1977=CARTESIAN_POINT('Ctrl Pts',(14.0188983845845,20.5133685874392,-17.1275321960092));
#1978=CARTESIAN_POINT('Ctrl Pts',(4.67066245221992,30.3227636048744,-17.0878344059024));
#1979=CARTESIAN_POINT('Ctrl Pts',(7.7737903225411,26.5984061828282,-17.1142582557128));
#1980=CARTESIAN_POINT('Ctrl Pts',(10.9157718820843,23.2876623286927,-17.1387273769605));
#1981=CARTESIAN_POINT('Ctrl Pts',(14.,20.4923281410968,-17.1604894127159));
#1982=CARTESIAN_POINT('',(14.,20.4923281410968,-17.1604894127159));
#1983=CARTESIAN_POINT('Origin',(8.42654238668838,70.0793452129587,-16.9));
#1984=CARTESIAN_POINT('',(13.6,20.4442047625828,-16.5));
#1985=CARTESIAN_POINT('Origin',(8.42654238668838,70.0793452129587,-16.5));
#1986=CARTESIAN_POINT('',(14.,20.622032919826,-16.9));
#1987=CARTESIAN_POINT('Ctrl Pts',(13.5999998916732,20.4442079296134,-16.5));
#1988=CARTESIAN_POINT('Ctrl Pts',(13.6009431831612,20.4446266278345,-16.5000000258713));
#1989=CARTESIAN_POINT('Ctrl Pts',(13.6018864595289,20.4450453156768,-16.5000035156421));
#1990=CARTESIAN_POINT('Ctrl Pts',(13.6028297038426,20.4454639861356,-16.5000104615244));
#1991=CARTESIAN_POINT('Ctrl Pts',(13.6251292321469,20.4553619029418,-16.5001746712601));
#1992=CARTESIAN_POINT('Ctrl Pts',(13.6473912721845,20.4652413138638,-16.5022660141111));
#1993=CARTESIAN_POINT('Ctrl Pts',(13.6693910474778,20.4750090854131,-16.506198927006));
#1994=CARTESIAN_POINT('Ctrl Pts',(13.6774167420622,20.4785724468647,-16.5076336851933));
#1995=CARTESIAN_POINT('Ctrl Pts',(13.6854074825705,20.4821208821016,-16.5093140263508));
#1996=CARTESIAN_POINT('Ctrl Pts',(13.6933520437334,20.4856494803136,-16.511237444146));
#1997=CARTESIAN_POINT('Ctrl Pts',(13.71459959911,20.4950866391917,-16.5163815830453));
#1998=CARTESIAN_POINT('Ctrl Pts',(13.7354772643135,20.5043647987853,-16.5232513658695));
#1999=CARTESIAN_POINT('Ctrl Pts',(13.7557618537351,20.513385780575,-16.5318091785662));
#2000=CARTESIAN_POINT('Ctrl Pts',(13.7636377313527,20.5168883483169,-16.5351319120992));
#2001=CARTESIAN_POINT('Ctrl Pts',(13.7714240062534,20.5203519177748,-16.5387095717536));
#2002=CARTESIAN_POINT('Ctrl Pts',(13.779106697925,20.5237696813522,-16.5425415960404));
#2003=CARTESIAN_POINT('Ctrl Pts',(13.7980452288718,20.5321947781861,-16.5519878830511));
#2004=CARTESIAN_POINT('Ctrl Pts',(13.8162817648354,20.5403077807461,-16.5629393465607));
#2005=CARTESIAN_POINT('Ctrl Pts',(13.8336045614233,20.5480081181795,-16.5753792359314));
#2006=CARTESIAN_POINT('Ctrl Pts',(13.836534429633,20.5493105045312,-16.5774832401097));
#2007=CARTESIAN_POINT('Ctrl Pts',(13.8394381001199,20.5506010188526,-16.5796299034411));
#2008=CARTESIAN_POINT('Ctrl Pts',(13.8423144704113,20.5518790860571,-16.5818192412365));
#2009=CARTESIAN_POINT('Ctrl Pts',(13.8594373698511,20.5594873610717,-16.5948522679731));
#2010=CARTESIAN_POINT('Ctrl Pts',(13.875595392245,20.5666574305175,-16.6093963687182));
#2011=CARTESIAN_POINT('Ctrl Pts',(13.8906074982295,20.5733248229396,-16.625323776782));
#2012=CARTESIAN_POINT('Ctrl Pts',(13.8940092446168,20.5748356554709,-16.6289329308139));
#2013=CARTESIAN_POINT('Ctrl Pts',(13.8973520153068,20.576320524831,-16.6326131658899));
#2014=CARTESIAN_POINT('Ctrl Pts',(13.9006334527446,20.5777783999625,-16.6363630632868));
#2015=CARTESIAN_POINT('Ctrl Pts',(13.9149249675523,20.5841278259153,-16.6526948432432));
#2016=CARTESIAN_POINT('Ctrl Pts',(13.9279443498667,20.5899205806811,-16.6702210439086));
#2017=CARTESIAN_POINT('Ctrl Pts',(13.9395289301556,20.5950898045417,-16.6887869247733));
#2018=CARTESIAN_POINT('Ctrl Pts',(13.9505253573342,20.599996585136,-16.7064102095057));
#2019=CARTESIAN_POINT('Ctrl Pts',(13.9602292150174,20.6043417956884,-16.7249713138051));
#2020=CARTESIAN_POINT('Ctrl Pts',(13.9684703688606,20.6080340666233,-16.7443451794834));
#2021=CARTESIAN_POINT('Ctrl Pts',(13.9707710094839,20.6090648189508,-16.7497536821346));
#2022=CARTESIAN_POINT('Ctrl Pts',(13.9729574512806,20.6100444592347,-16.7552255220429));
#2023=CARTESIAN_POINT('Ctrl Pts',(13.9750254895106,20.6109704465666,-16.76075792572));
#2024=CARTESIAN_POINT('Ctrl Pts',(13.9790828201413,20.6127871619013,-16.7716120726965));
#2025=CARTESIAN_POINT('Ctrl Pts',(13.9826603101034,20.6143873041479,-16.7826356813488));
#2026=CARTESIAN_POINT('Ctrl Pts',(13.9857402043711,20.6157576727107,-16.7938025501161));
#2027=CARTESIAN_POINT('Ctrl Pts',(13.9916345805531,20.6183803172289,-16.8151739737983));
#2028=CARTESIAN_POINT('Ctrl Pts',(13.9957085485897,20.6201636683469,-16.837070258479));
#2029=CARTESIAN_POINT('Ctrl Pts',(13.9979433843682,20.6211335438288,-16.8592614556078));
#2030=CARTESIAN_POINT('Ctrl Pts',(13.9993020536928,20.6217231800244,-16.8727526029693));
#2031=CARTESIAN_POINT('Ctrl Pts',(13.9999802861873,20.6220114139024,-16.8863528826531));
#2032=CARTESIAN_POINT('Ctrl Pts',(13.999967510667,20.621997214639,-16.9000091519039));
#2033=CARTESIAN_POINT('Ctrl Pts',(13.999967510667,20.621997214639,-16.9000091519039));
#2034=CARTESIAN_POINT('Ctrl Pts',(13.9999671865146,20.6219968538056,-16.9003559471753));
#2035=CARTESIAN_POINT('Ctrl Pts',(13.9999668666961,20.6219958922895,-16.900702808558));
#2036=CARTESIAN_POINT('Ctrl Pts',(13.9999665520983,20.6219943287285,-16.9010497351636));
#2037=CARTESIAN_POINT('Ctrl Pts',(13.9999468558648,20.6218964378373,-16.9227699960079));
#2038=CARTESIAN_POINT('Ctrl Pts',(13.9999486634703,20.6194459644206,-16.944236455782));
#2039=CARTESIAN_POINT('Ctrl Pts',(13.9999694424305,20.6148005427754,-16.9652463140889));
#2040=CARTESIAN_POINT('Ctrl Pts',(13.999986269278,20.6110386701264,-16.9822601434801));
#2041=CARTESIAN_POINT('Ctrl Pts',(14.0000148768472,20.6058366433468,-16.9989755696284));
#2042=CARTESIAN_POINT('Ctrl Pts',(14.0000389826552,20.5992612039131,-17.0152951380356));
#2043=CARTESIAN_POINT('Ctrl Pts',(14.0000562320957,20.5945560037613,-17.026972963757));
#2044=CARTESIAN_POINT('Ctrl Pts',(14.0000703556461,20.5891877639677,-17.0383482001492));
#2045=CARTESIAN_POINT('Ctrl Pts',(14.0000744324771,20.583211689052,-17.0493942398197));
#2046=CARTESIAN_POINT('Ctrl Pts',(14.0000798962792,20.5752025047654,-17.0641982321735));
#2047=CARTESIAN_POINT('Ctrl Pts',(14.0000682729219,20.566102610054,-17.0784109181796));
#2048=CARTESIAN_POINT('Ctrl Pts',(14.0000539974993,20.556079396561,-17.0920019787924));
#2049=CARTESIAN_POINT('Ctrl Pts',(14.0000365850852,20.5438536048097,-17.1085796439142));
#2050=CARTESIAN_POINT('Ctrl Pts',(14.000015130652,20.5303059650749,-17.1241638168543));
#2051=CARTESIAN_POINT('Ctrl Pts',(14.0000063114087,20.5157279611808,-17.1387259578827));
#2052=CARTESIAN_POINT('Ctrl Pts',(14.0000017522736,20.5081918170259,-17.1462539016803));
#2053=CARTESIAN_POINT('Ctrl Pts',(14.,20.5003796887135,-17.1535090713676));
#2054=CARTESIAN_POINT('Ctrl Pts',(14.,20.4923281410968,-17.1604894127159));
#2055=CARTESIAN_POINT('Ctrl Pts',(4.,27.8492676267852,-43.6000000000001));
#2056=CARTESIAN_POINT('Ctrl Pts',(4.,25.606663533774,-42.111600913513));
#2057=CARTESIAN_POINT('Ctrl Pts',(4.,22.4430829352643,-38.3350908431939));
#2058=CARTESIAN_POINT('Ctrl Pts',(4.,21.9399771600137,-29.4463026757522));
#2059=CARTESIAN_POINT('Ctrl Pts',(4.,26.1423875334283,-21.6746865465162));
#2060=CARTESIAN_POINT('Ctrl Pts',(4.,30.0959154774463,-16.9));
#2061=CARTESIAN_POINT('Ctrl Pts',(4.,27.9049126444695,-43.5161584110422));
#2062=CARTESIAN_POINT('Ctrl Pts',(3.99995837363651,25.6775963925731,-42.0359023502311));
#2063=CARTESIAN_POINT('Ctrl Pts',(3.99988322661453,22.5491838016881,-38.2967649517026));
#2064=CARTESIAN_POINT('Ctrl Pts',(4.00000425250571,22.0393152541424,-29.4852069144007));
#2065=CARTESIAN_POINT('Ctrl Pts',(3.9999346896691,26.2197673806619,-21.7262743132417));
#2066=CARTESIAN_POINT('Ctrl Pts',(4.,30.1638133918687,-16.9562207171914));
#2067=CARTESIAN_POINT('Ctrl Pts',(4.07969619605305,28.0160049018451,-43.3487732296387));
#2068=CARTESIAN_POINT('Ctrl Pts',(4.08249963113647,25.8192823932347,-41.8848164477645));
#2069=CARTESIAN_POINT('Ctrl Pts',(4.08576222944948,22.7611299608358,-38.2202109094131));
#2070=CARTESIAN_POINT('Ctrl Pts',(4.07758785597972,22.2377346976394,-29.5630978438823));
#2071=CARTESIAN_POINT('Ctrl Pts',(4.06668553048336,26.374412226223,-21.829339153416));
#2072=CARTESIAN_POINT('Ctrl Pts',(4.0604540126565,30.2994764803137,-17.0685522400912));
#2073=CARTESIAN_POINT('Ctrl Pts',(4.34851458198932,28.0856087893683,-43.2438995002296));
#2074=CARTESIAN_POINT('Ctrl Pts',(4.35879509455531,25.9054341240837,-41.7941440576796));
#2075=CARTESIAN_POINT('Ctrl Pts',(4.37041541074181,22.882778039049,-38.1749783384072));
#2076=CARTESIAN_POINT('Ctrl Pts',(4.34114193382395,22.3668039274235,-29.6082815180931));
#2077=CARTESIAN_POINT('Ctrl Pts',(4.29954469982546,26.4897209187461,-21.9049659807189));
#2078=CARTESIAN_POINT('Ctrl Pts',(4.27470532816519,30.4072252167131,-17.1577701680404));
#2079=CARTESIAN_POINT('Ctrl Pts',(4.60402158217842,28.0533751234455,-43.2924666834451));
#2080=CARTESIAN_POINT('Ctrl Pts',(4.61720024128225,25.859961348504,-41.8444528099874));
#2081=CARTESIAN_POINT('Ctrl Pts',(4.6313530468345,22.8032556351996,-38.2017090230384));
#2082=CARTESIAN_POINT('Ctrl Pts',(4.59550320889907,22.3165154586006,-29.5794505912013));
#2083=CARTESIAN_POINT('Ctrl Pts',(4.53892215203756,26.4757466569837,-21.8934617133031));
#2084=CARTESIAN_POINT('Ctrl Pts',(4.50207044076266,30.4070100185354,-17.1575919800064));
#2085=CARTESIAN_POINT('Ctrl Pts',(4.71481569193802,27.9919617919158,-43.3849995194999));
#2086=CARTESIAN_POINT('Ctrl Pts',(4.72560168796398,25.7792610114758,-41.9317624812555));
#2087=CARTESIAN_POINT('Ctrl Pts',(4.73627060044188,22.6763311580989,-38.2465810031198));
#2088=CARTESIAN_POINT('Ctrl Pts',(4.70892422716746,22.2107541242123,-29.533130926388));
#2089=CARTESIAN_POINT('Ctrl Pts',(4.6584821682602,26.4094718546881,-21.8477032797731));
#2090=CARTESIAN_POINT('Ctrl Pts',(4.62198239017735,30.3572212599084,-17.116365975616));
#2091=CARTESIAN_POINT('Ctrl Pts',(4.75100701521425,27.9553396827241,-43.4401788680454));
#2092=CARTESIAN_POINT('Ctrl Pts',(4.75947249947857,25.731598815579,-41.9828914715608));
#2093=CARTESIAN_POINT('Ctrl Pts',(4.76713991437122,22.6029361242713,-38.272803038598));
#2094=CARTESIAN_POINT('Ctrl Pts',(4.74723123044217,22.146447460651,-29.5059523919044));
#2095=CARTESIAN_POINT('Ctrl Pts',(4.70444671851385,26.3658334069443,-21.8179479819218));
#2096=CARTESIAN_POINT('Ctrl Pts',(4.67066245221991,30.3227636048744,-17.0878344059024));
#2097=CARTESIAN_POINT('',(4.7619483096713,24.2688577089794,-39.8145240295355));
#2098=CARTESIAN_POINT('',(4.7619483096713,23.0793876521588,-37.2636972609447));
#2099=CARTESIAN_POINT('Ctrl Pts',(4.7619483096713,24.2688577089795,-39.8145240295356));
#2100=CARTESIAN_POINT('Ctrl Pts',(4.74149853955204,24.0910790591048,-39.4558403093581));
#2101=CARTESIAN_POINT('Ctrl Pts',(4.73187690197167,24.0021086296796,-39.2756589101853));
#2102=CARTESIAN_POINT('Ctrl Pts',(4.72156004271915,23.8271320114138,-38.9118037360793));
#2103=CARTESIAN_POINT('Ctrl Pts',(4.71980018741792,23.7871021456736,-38.8279011974521));
#2104=CARTESIAN_POINT('Ctrl Pts',(4.7180786645278,23.723284898282,-38.6929441591169));
#2105=CARTESIAN_POINT('Ctrl Pts',(4.71768154410977,23.6995694753586,-38.6425244444355));
#2106=CARTESIAN_POINT('Ctrl Pts',(4.71740495908058,23.6547986964168,-38.5468183769721));
#2107=CARTESIAN_POINT('Ctrl Pts',(4.71747496350011,23.6337972853599,-38.5017034642893));
#2108=CARTESIAN_POINT('Ctrl Pts',(4.71808644639264,23.586328901254,-38.3992324893475));
#2109=CARTESIAN_POINT('Ctrl Pts',(4.71874693161236,23.5600074488292,-38.3420571876546));
#2110=CARTESIAN_POINT('Ctrl Pts',(4.72158070195626,23.4833130668671,-38.1744588351478));
#2111=CARTESIAN_POINT('Ctrl Pts',(4.72456053512167,23.4338183294548,-38.0650291461241));
#2112=CARTESIAN_POINT('Ctrl Pts',(4.73682809222022,23.2797211242099,-37.7210308714232));
#2113=CARTESIAN_POINT('Ctrl Pts',(4.7461330340523,23.203508998834,-37.547326573773));
#2114=CARTESIAN_POINT('Ctrl Pts',(4.76194830967129,23.0793876521588,-37.2636972609447));
#2115=CARTESIAN_POINT('Origin',(4.4,77.9052658386839,-13.2507132801112));
#2116=CARTESIAN_POINT('Origin',(4.,77.9052658386839,-13.2507132801112));
#2117=CARTESIAN_POINT('Origin',(4.4,77.9052658386839,-13.2507132801112));
#2118=CARTESIAN_POINT('Origin',(4.4,17.5,-16.9));
#2119=CARTESIAN_POINT('',(4.4,20.,-16.5));
#2120=CARTESIAN_POINT('',(4.,20.,-16.9));
#2121=CARTESIAN_POINT('Origin',(4.4,20.,-16.9));
#2122=CARTESIAN_POINT('',(4.4,17.5,-16.5));
#2123=CARTESIAN_POINT('',(4.,17.5,-16.9));
#2124=CARTESIAN_POINT('Origin',(13.6,13.125,-16.9));
#2125=CARTESIAN_POINT('',(13.6,13.125,-16.5));
#2126=CARTESIAN_POINT('',(14.,13.125,-16.9));
#2127=CARTESIAN_POINT('Ctrl Pts',(5.0676582136336,25.7043689060731,-44.));
#2128=CARTESIAN_POINT('Ctrl Pts',(4.83769014906837,26.4223869399325,-44.));
#2129=CARTESIAN_POINT('Ctrl Pts',(4.61508746956374,27.1375136211397,-44.));
#2130=CARTESIAN_POINT('Ctrl Pts',(4.4,27.8492676267851,-44.));
#2131=CARTESIAN_POINT('Ctrl Pts',(5.13834731089274,25.7270093330763,-44.));
#2132=CARTESIAN_POINT('Ctrl Pts',(4.90890736778293,26.4447735986202,-44.0000022575474));
#2133=CARTESIAN_POINT('Ctrl Pts',(4.68682973965583,27.1596337040234,-43.9999976859018));
#2134=CARTESIAN_POINT('Ctrl Pts',(4.47227029391023,27.8711072434483,-44.));
#2135=CARTESIAN_POINT('Ctrl Pts',(5.27918384110177,25.7721167018957,-43.957578141711));
#2136=CARTESIAN_POINT('Ctrl Pts',(5.05079109191244,26.4893728595808,-43.9570823618891));
#2137=CARTESIAN_POINT('Ctrl Pts',(4.82973954393061,27.2036976521413,-43.9565889633742));
#2138=CARTESIAN_POINT('Ctrl Pts',(4.61622678566284,27.9146099667105,-43.9560854282788));
#2139=CARTESIAN_POINT('Ctrl Pts',(5.45251340107507,25.8276309947954,-43.7573758099015));
#2140=CARTESIAN_POINT('Ctrl Pts',(5.22458272702258,26.544000935398,-43.7547771838173));
#2141=CARTESIAN_POINT('Ctrl Pts',(5.00399524817489,27.257417095923,-43.7521608900619));
#2142=CARTESIAN_POINT('Ctrl Pts',(4.79089668014891,27.9673940821717,-43.7495375065506));
#2143=CARTESIAN_POINT('Ctrl Pts',(5.46085222576704,25.8303017680696,-43.5560017925849));
#2144=CARTESIAN_POINT('Ctrl Pts',(5.23134900998564,26.546111874691,-43.5519807475253));
#2145=CARTESIAN_POINT('Ctrl Pts',(5.00907034601588,27.258978508916,-43.5480023915155));
#2146=CARTESIAN_POINT('Ctrl Pts',(4.79432071588711,27.9684288036861,-43.5439936925246));
#2147=CARTESIAN_POINT('Ctrl Pts',(5.42175438300668,25.8177794429965,-43.4525077868155));
#2148=CARTESIAN_POINT('Ctrl Pts',(5.19083583685943,26.5333762195397,-43.4483641241345));
#2149=CARTESIAN_POINT('Ctrl Pts',(4.96720320822946,27.2460561914916,-43.4442535623267));
#2150=CARTESIAN_POINT('Ctrl Pts',(4.75100701521425,27.955339682724,-43.4401788680453));
#2151=CARTESIAN_POINT('Origin',(37.8867328229869,12.8210104353534,-44.));
#2152=CARTESIAN_POINT('Origin',(37.8867328229869,12.8210104353534,-43.6));
#2153=CARTESIAN_POINT('Origin',(4.4,8.75,-43.6));
#2154=CARTESIAN_POINT('',(4.4,20.,-44.));
#2155=CARTESIAN_POINT('',(4.,20.,-43.6));
#2156=CARTESIAN_POINT('Origin',(4.4,20.,-43.6));
#2157=CARTESIAN_POINT('',(4.,8.75,-43.6));
#2158=CARTESIAN_POINT('',(4.4,8.75,-44.));
#2159=CARTESIAN_POINT('Origin',(13.6,22.1739064442523,-26.614501293906));
#2160=CARTESIAN_POINT('',(13.4309526953037,19.013309619438,-18.9787767619473));
#2161=CARTESIAN_POINT('',(14.,18.56724586498,-18.8799927217274));
#2162=CARTESIAN_POINT('Ctrl Pts',(14.,18.56724586498,-18.8799927217274));
#2163=CARTESIAN_POINT('Ctrl Pts',(14.,18.5729703676391,-18.8747208490001));
#2164=CARTESIAN_POINT('Ctrl Pts',(13.9997935004788,18.578785826072,-18.8695491712972));
#2165=CARTESIAN_POINT('Ctrl Pts',(13.9965561373142,18.6243864967937,-18.8304340200973));
#2166=CARTESIAN_POINT('Ctrl Pts',(13.9835189660106,18.6677515202748,-18.8020677917115));
#2167=CARTESIAN_POINT('Ctrl Pts',(13.9400770779426,18.7521844493745,-18.7626960702718));
#2168=CARTESIAN_POINT('Ctrl Pts',(13.9065753854143,18.7967479826924,-18.7511994106615));
#2169=CARTESIAN_POINT('Ctrl Pts',(13.8268991463088,18.8747421684813,-18.749751742606));
#2170=CARTESIAN_POINT('Ctrl Pts',(13.7807859074398,18.9082338672627,-18.7597178951187));
#2171=CARTESIAN_POINT('Ctrl Pts',(13.6864166745265,18.9621365212453,-18.7940391834976));
#2172=CARTESIAN_POINT('Ctrl Pts',(13.6314072323324,18.9844189448691,-18.8227425350306));
#2173=CARTESIAN_POINT('Ctrl Pts',(13.5254042374016,19.0112548117186,-18.8938529427938));
#2174=CARTESIAN_POINT('Ctrl Pts',(13.4744096120776,19.0158370809342,-18.9362475182227));
#2175=CARTESIAN_POINT('Ctrl Pts',(13.4309526953037,19.013309619438,-18.9787767619473));
#2176=CARTESIAN_POINT('',(14.,22.1739064442523,-26.614501293906));
#2177=CARTESIAN_POINT('',(13.4309526953037,22.5024639661896,-26.4612924052822));
#2178=CARTESIAN_POINT('Origin',(13.6,4.375,-43.6));
#2179=CARTESIAN_POINT('',(14.,17.5,-43.6));
#2180=CARTESIAN_POINT('',(13.6,17.5,-44.));
#2181=CARTESIAN_POINT('Origin',(13.6,17.5,-43.6));
#2182=CARTESIAN_POINT('',(13.6,4.375,-44.));
#2183=CARTESIAN_POINT('',(14.,4.375,-43.6));
#2184=CARTESIAN_POINT('Origin',(4.,17.5,-16.5));
#2185=CARTESIAN_POINT('',(4.,20.,-16.5));
#2186=CARTESIAN_POINT('',(2.,20.,-16.5));
#2187=CARTESIAN_POINT('',(4.,13.75,-16.5));
#2188=CARTESIAN_POINT('Origin',(4.,17.5,-44.));
#2189=CARTESIAN_POINT('',(4.,20.,-60.));
#2190=CARTESIAN_POINT('Origin',(27.3837176641273,33.2344955226483,-34.0810355741615));
#2191=CARTESIAN_POINT('Origin',(27.3837176641273,33.2344955226483,-34.0810355741615));
#2192=CARTESIAN_POINT('Origin',(4.,4.44089209850063E-15,-44.));
#2193=CARTESIAN_POINT('',(4.,20.,-44.));
#2194=CARTESIAN_POINT('',(2.,20.,-44.));
#2195=CARTESIAN_POINT('',(24.,17.5,-44.));
#2196=CARTESIAN_POINT('',(4.,17.5,-44.));
#2197=CARTESIAN_POINT('',(24.,36.1188159284633,-44.));
#2198=CARTESIAN_POINT('',(24.,17.5,-44.));
#2199=CARTESIAN_POINT('',(38.294,43.4732729473767,-44.));
#2200=CARTESIAN_POINT('',(12.6122600083507,30.2596691318251,-44.));
#2201=CARTESIAN_POINT('',(38.294,4.375,-44.));
#2202=CARTESIAN_POINT('',(4.,13.75,-44.));
#2203=CARTESIAN_POINT('Origin',(30.5836809665118,35.3177492572606,-37.8897148124019));
#2204=CARTESIAN_POINT('',(30.1188008785975,38.3766355774649,-42.0905600825738));
#2205=CARTESIAN_POINT('Origin',(30.1188008785975,36.2212824425874,-37.4683903686869));
#2206=CARTESIAN_POINT('',(31.0485610544266,36.5695692068106,-42.9332089700043));
#2207=CARTESIAN_POINT('',(30.5836809665118,37.4731023921382,-42.5118845262888));
#2208=CARTESIAN_POINT('Origin',(31.0485610544266,34.414216071933,-38.3110392561173));
#2209=CARTESIAN_POINT('Origin',(31.0485610544266,34.414216071933,-38.3110392561173));
#2210=CARTESIAN_POINT('Origin',(27.3837176641273,33.2344955226483,-34.0810355741615));
#2211=CARTESIAN_POINT('Origin',(27.3837176641273,33.2344955226483,-34.0810355741615));
#2212=CARTESIAN_POINT('Origin',(27.3837176641273,33.2344955226483,-34.0810355741615));
#2213=CARTESIAN_POINT('Origin',(14.,59.2468659531306,-21.951268035663));
#2214=CARTESIAN_POINT('Origin',(4.,10.,-30.));
#2215=CARTESIAN_POINT('',(4.,20.,-60.));
#2216=CARTESIAN_POINT('',(4.,0.,-60.));
#2217=CARTESIAN_POINT('',(4.,20.,-60.));
#2218=CARTESIAN_POINT('',(4.,4.5,-50.));
#2219=CARTESIAN_POINT('Origin',(4.,10.,-50.));
#2220=CARTESIAN_POINT('Origin',(4.,10.,-30.));
#2221=CARTESIAN_POINT('',(4.,20.,0.));
#2222=CARTESIAN_POINT('',(4.,20.,-60.));
#2223=CARTESIAN_POINT('',(4.,20.,0.));
#2224=CARTESIAN_POINT('',(4.,4.5,-10.));
#2225=CARTESIAN_POINT('Origin',(4.,10.,-10.));
#2226=CARTESIAN_POINT('Origin',(14.,8.75,-20.25));
#2227=CARTESIAN_POINT('',(14.,17.5,-30.25));
#2228=CARTESIAN_POINT('Origin',(41.147,4.375,-41.147));
#2229=CARTESIAN_POINT('',(40.3449217336884,43.5721395067503,-41.9490782663116));
#2230=CARTESIAN_POINT('Origin',(33.5315389351833,36.5996215573893,-34.5142014038394));
#2231=CARTESIAN_POINT('',(24.,32.2512602117257,-35.706));
#2232=CARTESIAN_POINT('',(24.,32.6823995990227,-36.6305813997625));
#2233=CARTESIAN_POINT('',(29.706,32.5263231644066,-30.));
#2234=CARTESIAN_POINT('',(27.9773427724524,32.4429916605191,-31.7286572275476));
#2235=CARTESIAN_POINT('',(26.7346245501361,30.9975101636316,-30.));
#2236=CARTESIAN_POINT('Origin',(26.853,17.5,-32.853));
#2237=CARTESIAN_POINT('',(24.,17.5,-35.706));
#2238=CARTESIAN_POINT('',(24.,17.5,-35.706));
#2239=CARTESIAN_POINT('',(29.706,17.5,-30.));
#2240=CARTESIAN_POINT('',(18.353,17.5,-41.353));
#2241=CARTESIAN_POINT('',(29.706,17.5,-30.));
#2242=CARTESIAN_POINT('Origin',(24.,17.5,-30.));
#2243=CARTESIAN_POINT('',(14.,17.5,-30.));
#2244=CARTESIAN_POINT('Origin',(24.,17.5,-44.));
#2245=CARTESIAN_POINT('',(24.,17.5,-44.));
#2246=CARTESIAN_POINT('Origin',(4.,17.5,-44.));
#2247=CARTESIAN_POINT('Origin',(2.5,10.,-50.));
#2248=CARTESIAN_POINT('',(0.999999999999998,7.5,-50.));
#2249=CARTESIAN_POINT('',(2.5,6.,-50.));
#2250=CARTESIAN_POINT('Origin',(1.,10.,-50.));
#2251=CARTESIAN_POINT('Origin',(-6.,10.,-50.));
#2252=CARTESIAN_POINT('',(0.,7.5,-50.));
#2253=CARTESIAN_POINT('',(-6.,7.5,-50.));
#2254=CARTESIAN_POINT('Origin',(0.,10.,-50.));
#2255=CARTESIAN_POINT('Origin',(2.5,10.,-10.));
#2256=CARTESIAN_POINT('',(1.,7.5,-10.));
#2257=CARTESIAN_POINT('',(2.5,6.,-10.));
#2258=CARTESIAN_POINT('Origin',(1.,10.,-10.));
#2259=CARTESIAN_POINT('Origin',(-6.,10.,-10.));
#2260=CARTESIAN_POINT('',(0.,7.5,-10.));
#2261=CARTESIAN_POINT('',(-6.,7.5,-10.));
#2262=CARTESIAN_POINT('Origin',(0.,10.,-10.));
#2263=CARTESIAN_POINT('Origin',(0.,20.,-60.));
#2264=CARTESIAN_POINT('',(0.,20.,-60.));
#2265=CARTESIAN_POINT('',(0.,20.,0.));
#2266=CARTESIAN_POINT('',(0.,20.,-60.));
#2267=CARTESIAN_POINT('',(0.,20.,0.));
#2268=CARTESIAN_POINT('',(0.,20.,-60.));
#2269=CARTESIAN_POINT('Origin',(0.,0.,-60.));
#2270=CARTESIAN_POINT('',(0.,0.,-60.));
#2271=CARTESIAN_POINT('Origin',(0.,20.,0.));
#2272=CARTESIAN_POINT('',(0.,20.,0.));
#2273=CARTESIAN_POINT('Origin',(0.,10.,-30.));
#2274=CARTESIAN_POINT('',(0.,0.,0.));
#2275=CARTESIAN_POINT('Origin',(23.3688441775906,41.0377366686594,-30.4423244693464));
#2276=CARTESIAN_POINT('',(8.00035723414361,40.6270397662378,-47.8242385504664));
#2277=CARTESIAN_POINT('Origin',(23.580153308461,40.6270397662378,-30.6338355801261));
#2278=CARTESIAN_POINT('',(6.90619603816509,41.448433571081,-48.1821819741802));
#2279=CARTESIAN_POINT('',(7.45327663615435,41.0377366686594,-48.0032102623233));
#2280=CARTESIAN_POINT('Origin',(23.1575350467203,41.448433571081,-30.2508133585666));
#2281=CARTESIAN_POINT('Origin',(27.3837176641273,33.2344955226483,-34.0810355741615));
#2282=CARTESIAN_POINT('',(10.5360668045878,35.6986769371781,-50.1223718798234));
#2283=CARTESIAN_POINT('',(11.8039215898099,33.2344955226483,-51.2714385445018));
#2284=CARTESIAN_POINT('Origin',(26.1158628789052,35.6986769371781,-32.9319689094831));
#2285=CARTESIAN_POINT('Origin',(21.4670619997575,44.7340087904541,-28.7187244723287));
#2286=CARTESIAN_POINT('',(5.42703212207264,44.3233118880325,-46.841604198722));
#2287=CARTESIAN_POINT('Origin',(21.6783711306278,44.3233118880325,-28.9102355831084));
#2288=CARTESIAN_POINT('',(5.67595679456976,45.1447056928757,-45.7176163318892));
#2289=CARTESIAN_POINT('',(5.5514944583212,44.7340087904541,-46.2796102653056));
#2290=CARTESIAN_POINT('Origin',(21.2557528688871,45.1447056928757,-28.5272133615489));
#2291=CARTESIAN_POINT('Origin',(23.1575350467203,41.448433571081,-30.2508133585666));
#2292=CARTESIAN_POINT('',(6.90619603816508,41.448433571081,-48.1821819741802));
#2293=CARTESIAN_POINT('Origin',(29.6539207906827,37.124815627915,-37.0470659249714));
#2294=CARTESIAN_POINT('',(30.1188008785975,34.0659293077098,-32.8462206548));
#2295=CARTESIAN_POINT('Origin',(30.1188008785975,36.2212824425874,-37.4683903686869));
#2296=CARTESIAN_POINT('',(29.1890407027679,35.872995678365,-32.0035717673691));
#2297=CARTESIAN_POINT('',(29.6539207906827,34.9694624930374,-32.4248962110845));
#2298=CARTESIAN_POINT('Origin',(29.1890407027679,38.0283488132426,-36.625741481256));
#2299=CARTESIAN_POINT('Origin',(29.1890407027679,38.0283488132426,-36.625741481256));
#2300=CARTESIAN_POINT('Origin',(27.4766687989529,42.0990554723992,-45.1561417679713));
#2301=CARTESIAN_POINT('',(30.9485679753083,41.6881455711712,-48.2765694890211));
#2302=CARTESIAN_POINT('',(28.7445235841751,39.6348740578694,-46.3052084326498));
#2303=CARTESIAN_POINT('',(25.3228764762956,36.447292826092,-43.2447882867329));
#2304=CARTESIAN_POINT('',(29.6807131900861,44.152326985701,-47.1275028243426));
#2305=CARTESIAN_POINT('',(29.6807131900861,44.152326985701,-47.1275028243426));
#2306=CARTESIAN_POINT('',(27.4766687989529,42.0990554723992,-45.1561417679713));
#2307=CARTESIAN_POINT('',(24.0550216910735,38.9114742406218,-42.0957216220544));
#2308=CARTESIAN_POINT('',(27.4766687989529,42.0990554723992,-45.1561417679713));
#2309=CARTESIAN_POINT('Origin',(32.2880935495577,42.076925879998,-39.799864875352));
#2310=CARTESIAN_POINT('',(33.5559483347799,39.6127444654682,-40.9489315400305));
#2311=CARTESIAN_POINT('',(33.891480107333,39.6112012258357,-40.5754037030129));
#2312=CARTESIAN_POINT('',(32.2880935495577,42.076925879998,-39.799864875352));
#2313=CARTESIAN_POINT('',(32.6236253221109,42.0753826403654,-39.4263370383344));
#2314=CARTESIAN_POINT('',(32.2880935495577,42.076925879998,-39.799864875352));
#2315=CARTESIAN_POINT('Origin',(34.4921379406909,44.1301973932998,-41.7712259317233));
#2316=CARTESIAN_POINT('',(35.759992725913,41.66601597877,-42.9202925964018));
#2317=CARTESIAN_POINT('',(31.236323422467,37.4517989903417,-38.8741919222992));
#2318=CARTESIAN_POINT('',(34.4921379406909,44.1301973932998,-41.7712259317233));
#2319=CARTESIAN_POINT('',(29.9684686372449,39.9159804048715,-37.7251252576207));
#2320=CARTESIAN_POINT('',(34.4921379406909,44.1301973932998,-41.7712259317233));
#2321=CARTESIAN_POINT('Origin',(29.6807131900861,44.152326985701,-47.1275028243426));
#2322=CARTESIAN_POINT('',(33.6898121231638,41.675537535338,-45.2249032056939));
#2323=CARTESIAN_POINT('',(32.4219573379417,44.1397189498678,-44.0758365410155));
#2324=CARTESIAN_POINT('Origin',(39.4996287870158,42.1010741666602,-31.8946023003863));
#2325=CARTESIAN_POINT('',(35.9560588216331,39.6590223445316,-38.3999458576841));
#2326=CARTESIAN_POINT('',(40.7674835722379,39.6368927521304,-33.0436689650648));
#2327=CARTESIAN_POINT('',(37.5278594537166,39.6517930290737,-36.6501524302019));
#2328=CARTESIAN_POINT('',(34.688204036411,42.1232037590614,-37.2508791930057));
#2329=CARTESIAN_POINT('',(34.688204036411,42.1232037590614,-37.2508791930057));
#2330=CARTESIAN_POINT('',(39.4996287870158,42.1010741666602,-31.8946023003863));
#2331=CARTESIAN_POINT('',(36.2600046684945,42.1159744436035,-35.5010857655234));
#2332=CARTESIAN_POINT('',(39.4996287870158,42.1010741666602,-31.8946023003863));
#2333=CARTESIAN_POINT('Origin',(41.703673178149,44.154345679962,-33.8659633567577));
#2334=CARTESIAN_POINT('',(42.9715279633711,41.6901642654322,-35.0150300214362));
#2335=CARTESIAN_POINT('',(38.4172469322704,37.4474296170969,-30.9415493326617));
#2336=CARTESIAN_POINT('',(41.703673178149,44.154345679962,-33.8659633567577));
#2337=CARTESIAN_POINT('',(37.1493921470483,39.9116110316267,-29.7924826679833));
#2338=CARTESIAN_POINT('',(41.703673178149,44.154345679962,-33.8659633567577));
#2339=CARTESIAN_POINT('Origin',(36.8922484275442,44.1764752723632,-39.222240249377));
#2340=CARTESIAN_POINT('',(38.1601032127663,41.7122938578334,-40.3713069140555));
#2341=CARTESIAN_POINT('',(37.3261914695475,41.7161293385761,-41.299651932883));
#2342=CARTESIAN_POINT('',(36.8922484275442,44.1764752723632,-39.222240249377));
#2343=CARTESIAN_POINT('',(36.0583366843253,44.1803107531059,-40.1505852682045));
#2344=CARTESIAN_POINT('',(36.8922484275442,44.1764752723632,-39.222240249377));
#2345=CARTESIAN_POINT('Origin',(34.688204036411,42.1232037590614,-37.2508791930057));
#2346=CARTESIAN_POINT('',(32.5037999860991,36.4429234528472,-35.3121456970954));
#2347=CARTESIAN_POINT('',(31.235945200877,38.907104867377,-34.1630790324169));
#2348=CARTESIAN_POINT('Origin',(33.8269200292088,37.914372241833,-29.1753326325532));
#2349=CARTESIAN_POINT('',(34.9442480886027,38.9552668284374,-30.1747031680748));
#2350=CARTESIAN_POINT('Origin',(33.8269200292088,37.9143722418331,-29.1753326325532));
#2351=CARTESIAN_POINT('',(36.2121028738248,36.4910854139077,-31.3237698327533));
#2352=CARTESIAN_POINT('',(34.9442480886027,38.9552668284375,-30.1747031680748));
#2353=CARTESIAN_POINT('Origin',(35.0947748144309,35.4501908273033,-30.3243992972317));
#2354=CARTESIAN_POINT('Origin',(23.6025472377428,29.4498369469542,-22.3044252871327));
#2355=CARTESIAN_POINT('',(22.758192852044,25.0179370335439,-21.5642709727713));
#2356=CARTESIAN_POINT('',(24.8704020229649,26.9856555324244,-23.4534919518111));
#2357=CARTESIAN_POINT('',(28.2139467185053,30.100477132399,-26.4440550409857));
#2358=CARTESIAN_POINT('',(21.4903380668219,27.4821184480736,-20.4152043080928));
#2359=CARTESIAN_POINT('',(21.4903380668219,27.4821184480736,-20.4152043080928));
#2360=CARTESIAN_POINT('',(23.6025472377428,29.4498369469542,-22.3044252871327));
#2361=CARTESIAN_POINT('',(26.9460919332832,32.5646585469288,-25.2949883763073));
#2362=CARTESIAN_POINT('',(23.6025472377428,29.4498369469542,-22.3044252871327));
#2363=CARTESIAN_POINT('Origin',(14.7147765178756,29.4907152218064,-32.1986589915545));
#2364=CARTESIAN_POINT('',(15.9826313030978,27.0265338072766,-33.347725656233));
#2365=CARTESIAN_POINT('',(18.3396297880722,27.0156930649879,-30.7238175260226));
#2366=CARTESIAN_POINT('',(14.7147765178756,29.4907152218064,-32.1986589915545));
#2367=CARTESIAN_POINT('',(17.07177500285,29.4798744795177,-29.5747508613441));
#2368=CARTESIAN_POINT('',(14.7147765178756,29.4907152218064,-32.1986589915545));
#2369=CARTESIAN_POINT('Origin',(12.6025673469547,27.5229967229258,-30.3094380125146));
#2370=CARTESIAN_POINT('',(13.8704221321768,25.058815308396,-31.4585046771931));
#2371=CARTESIAN_POINT('',(18.2700714131776,29.1574961578109,-35.3936782558876));
#2372=CARTESIAN_POINT('',(12.6025673469547,27.5229967229258,-30.3094380125146));
#2373=CARTESIAN_POINT('',(17.0022166279555,31.6216775723407,-34.2446115912092));
#2374=CARTESIAN_POINT('',(12.6025673469547,27.5229967229258,-30.3094380125146));
#2375=CARTESIAN_POINT('Origin',(21.4903380668219,27.4821184480736,-20.4152043080928));
#2376=CARTESIAN_POINT('',(20.6713059770848,25.0275354286813,-23.8874796947718));
#2377=CARTESIAN_POINT('',(19.4034511918627,27.4917168432111,-22.7384130300933));
#2378=CARTESIAN_POINT('Origin',(29.7346481091962,29.7196190784742,-16.1169502367947));
#2379=CARTESIAN_POINT('',(28.1862239501926,24.6318129525032,-14.7470555516653));
#2380=CARTESIAN_POINT('',(31.0025028944183,27.2554376639444,-17.2660169014732));
#2381=CARTESIAN_POINT('',(34.186899671452,30.2219982357901,-20.1142334889128));
#2382=CARTESIAN_POINT('',(26.9183691649705,27.095994367033,-13.5979888869869));
#2383=CARTESIAN_POINT('',(26.9183691649705,27.095994367033,-13.5979888869869));
#2384=CARTESIAN_POINT('',(29.7346481091962,29.7196190784742,-16.1169502367947));
#2385=CARTESIAN_POINT('',(32.9190448862299,32.6861796503199,-18.9651668242343));
#2386=CARTESIAN_POINT('',(29.7346481091962,29.7196190784742,-16.1169502367947));
#2387=CARTESIAN_POINT('Origin',(23.9876685459738,29.7460516471756,-22.51472541409));
#2388=CARTESIAN_POINT('',(25.2555233311959,27.2818702326458,-23.6637920787685));
#2389=CARTESIAN_POINT('',(23.1352237206279,27.2916223058014,-26.0241972390254));
#2390=CARTESIAN_POINT('',(23.9876685459738,29.7460516471756,-22.51472541409));
#2391=CARTESIAN_POINT('',(21.8673689354058,29.7558037203311,-24.8751305743469));
#2392=CARTESIAN_POINT('',(23.9876685459738,29.7460516471756,-22.51472541409));
#2393=CARTESIAN_POINT('Origin',(21.1713896017481,27.1224269357344,-19.9957640642822));
#2394=CARTESIAN_POINT('',(22.4392443869702,24.6582455212046,-21.1448307289607));
#2395=CARTESIAN_POINT('',(27.0317806361168,28.9366184487709,-25.2525279913042));
#2396=CARTESIAN_POINT('',(21.1713896017481,27.1224269357344,-19.9957640642822));
#2397=CARTESIAN_POINT('',(25.7639258508947,31.4007998633007,-24.1034613266257));
#2398=CARTESIAN_POINT('',(21.1713896017481,27.1224269357344,-19.9957640642822));
#2399=CARTESIAN_POINT('Origin',(26.9183691649705,27.095994367033,-13.5979888869869));
#2400=CARTESIAN_POINT('',(23.1924345580133,24.6547813100095,-20.3063483005699));
#2401=CARTESIAN_POINT('',(21.9245797727912,27.1189627245392,-19.1572816358914));
#2402=CARTESIAN_POINT('Origin',(43.1705723205089,43.2338179955863,-30.2733412440684));
#2403=CARTESIAN_POINT('',(44.2419827884209,44.2319360923302,-31.2316417575823));
#2404=CARTESIAN_POINT('Origin',(43.1705723205089,43.2338179955864,-30.2733412440683));
#2405=CARTESIAN_POINT('',(45.5098375736429,41.7677546778006,-32.3807084222607));
#2406=CARTESIAN_POINT('',(44.2419827884209,44.2319360923302,-31.2316417575822));
#2407=CARTESIAN_POINT('Origin',(44.438427105731,40.7696365810566,-31.4224079087468));
#2408=CARTESIAN_POINT('Origin',(28.5071619566112,32.9522686824526,-24.4037708007036));
#2409=CARTESIAN_POINT('',(27.3898338972173,31.9113740958483,-23.404400265182));
#2410=CARTESIAN_POINT('Origin',(28.5071619566112,32.9522686824526,-24.4037708007036));
#2411=CARTESIAN_POINT('',(28.6576886824394,29.4471926813184,-24.5534669298605));
#2412=CARTESIAN_POINT('',(27.3898338972173,31.9113740958482,-23.404400265182));
#2413=CARTESIAN_POINT('Origin',(29.7750167418333,30.4880872679228,-25.5528374653821));
#2414=CARTESIAN_POINT('Origin',(8.58269779768729,27.9107557908578,-35.5764253149566));
#2415=CARTESIAN_POINT('',(9.65410826559925,28.9088738876018,-36.5347258284704));
#2416=CARTESIAN_POINT('Origin',(8.58269779768735,27.9107557908577,-35.5764253149566));
#2417=CARTESIAN_POINT('',(10.9219630508214,26.4446924730719,-37.6837924931489));
#2418=CARTESIAN_POINT('',(9.65410826559924,28.9088738876018,-36.5347258284704));
#2419=CARTESIAN_POINT('Origin',(9.85055258290947,25.4465743763279,-36.7254919796351));
#2420=CARTESIAN_POINT('Origin',(27.3837176641273,33.2344955226483,-34.0810355741615));
#2421=CARTESIAN_POINT('',(3.77417461673661,48.8409778146704,-43.9940163348715));
#2422=CARTESIAN_POINT('Origin',(19.353970691054,48.8409778146704,-26.8036133645312));
#2423=CARTESIAN_POINT('',(11.8039215898099,33.2344955226483,-51.2714385445018));
#2424=CARTESIAN_POINT('Origin',(19.353970691054,48.8409778146704,-26.8036133645312));
#2425=CARTESIAN_POINT('',(2.56539733510853,48.8409778146704,-45.3277544963635));
#2426=CARTESIAN_POINT('Origin',(19.353970691054,48.8409778146704,-26.8036133645312));
#2427=CARTESIAN_POINT('Origin',(27.3837176641273,33.2344955226483,-34.0810355741615));
#2428=CARTESIAN_POINT('',(10.5951443081818,33.2344955226483,-52.6051767059938));
#2429=CARTESIAN_POINT('',(10.5951443081818,33.2344955226483,-52.6051767059938));
#2430=CARTESIAN_POINT('Origin',(27.3837176641273,33.2344955226483,-34.0810355741615));
#2431=CARTESIAN_POINT('Origin',(26.1158628789052,35.6986769371781,-32.9319689094831));
#2432=CARTESIAN_POINT('Origin',(27.3837176641273,33.2344955226483,-34.0810355741615));
#2433=CARTESIAN_POINT('',(0.,0.,0.));
#2434=CARTESIAN_POINT('',(0.,0.,0.));
#2435=UNCERTAINTY_MEASURE_WITH_UNIT(LENGTH_MEASURE(0.01),#2443,
'DISTANCE_ACCURACY_VALUE',
'Maximum model space distance between geometric entities at asserted c
onnectivities');
#2436=UNCERTAINTY_MEASURE_WITH_UNIT(LENGTH_MEASURE(0.01),#2443,
'DISTANCE_ACCURACY_VALUE',
'Maximum model space distance between geometric entities at asserted c
onnectivities');
#2437=UNCERTAINTY_MEASURE_WITH_UNIT(LENGTH_MEASURE(0.01),#2443,
'DISTANCE_ACCURACY_VALUE',
'Maximum model space distance between geometric entities at asserted c
onnectivities');
#2438=UNCERTAINTY_MEASURE_WITH_UNIT(LENGTH_MEASURE(0.01),#2443,
'DISTANCE_ACCURACY_VALUE',
'Maximum model space distance between geometric entities at asserted c
onnectivities');
#2439=(
GEOMETRIC_REPRESENTATION_CONTEXT(3)
GLOBAL_UNCERTAINTY_ASSIGNED_CONTEXT((#2435))
GLOBAL_UNIT_ASSIGNED_CONTEXT((#2443,#2445,#2446))
REPRESENTATION_CONTEXT('','3D')
);
#2440=(
GEOMETRIC_REPRESENTATION_CONTEXT(3)
GLOBAL_UNCERTAINTY_ASSIGNED_CONTEXT((#2436))
GLOBAL_UNIT_ASSIGNED_CONTEXT((#2443,#2445,#2446))
REPRESENTATION_CONTEXT('','3D')
);
#2441=(
GEOMETRIC_REPRESENTATION_CONTEXT(3)
GLOBAL_UNCERTAINTY_ASSIGNED_CONTEXT((#2437))
GLOBAL_UNIT_ASSIGNED_CONTEXT((#2443,#2445,#2446))
REPRESENTATION_CONTEXT('','3D')
);
#2442=(
GEOMETRIC_REPRESENTATION_CONTEXT(3)
GLOBAL_UNCERTAINTY_ASSIGNED_CONTEXT((#2438))
GLOBAL_UNIT_ASSIGNED_CONTEXT((#2443,#2445,#2446))
REPRESENTATION_CONTEXT('','3D')
);
#2443=(
LENGTH_UNIT()
NAMED_UNIT(*)
SI_UNIT(.MILLI.,.METRE.)
);
#2444=(
LENGTH_UNIT()
NAMED_UNIT(*)
SI_UNIT($,.METRE.)
);
#2445=(
NAMED_UNIT(*)
PLANE_ANGLE_UNIT()
SI_UNIT($,.RADIAN.)
);
#2446=(
NAMED_UNIT(*)
SI_UNIT($,.STERADIAN.)
SOLID_ANGLE_UNIT()
);
#2447=SHAPE_DEFINITION_REPRESENTATION(#2450,#2455);
#2448=SHAPE_DEFINITION_REPRESENTATION(#2451,#2456);
#2449=SHAPE_DEFINITION_REPRESENTATION(#2452,#2457);
#2450=PRODUCT_DEFINITION_SHAPE('',$,#2459);
#2451=PRODUCT_DEFINITION_SHAPE('',$,#2460);
#2452=PRODUCT_DEFINITION_SHAPE('',$,#2461);
#2453=PRODUCT_DEFINITION_SHAPE($,$,#17);
#2454=PRODUCT_DEFINITION_SHAPE($,$,#18);
#2455=SHAPE_REPRESENTATION('',(#1356,#1479,#1480),#2439);
#2456=SHAPE_REPRESENTATION('',(#1357),#2440);
#2457=SHAPE_REPRESENTATION('',(#1429),#2441);
#2458=PRODUCT_DEFINITION_CONTEXT('part definition',#2469,'design');
#2459=PRODUCT_DEFINITION('Untitled','Dial and Mount',#2462,#2458);
#2460=PRODUCT_DEFINITION('rail connector','rail connector',#2463,#2458);
#2461=PRODUCT_DEFINITION('dial case','dial case',#2464,#2458);
#2462=PRODUCT_DEFINITION_FORMATION('',$,#2471);
#2463=PRODUCT_DEFINITION_FORMATION('',$,#2472);
#2464=PRODUCT_DEFINITION_FORMATION('',$,#2473);
#2465=PRODUCT_RELATED_PRODUCT_CATEGORY('Dial and Mount',
'Dial and Mount',(#2471));
#2466=PRODUCT_RELATED_PRODUCT_CATEGORY('rail connector',
'rail connector',(#2472));
#2467=PRODUCT_RELATED_PRODUCT_CATEGORY('dial case','dial case',(#2473));
#2468=APPLICATION_PROTOCOL_DEFINITION('international standard',
'automotive_design',2009,#2469);
#2469=APPLICATION_CONTEXT(
'Core Data for Automotive Mechanical Design Process');
#2470=PRODUCT_CONTEXT('part definition',#2469,'mechanical');
#2471=PRODUCT('Untitled','Dial and Mount',$,(#2470));
#2472=PRODUCT('rail connector','rail connector',$,(#2470));
#2473=PRODUCT('dial case','dial case',$,(#2470));
#2474=PRESENTATION_STYLE_ASSIGNMENT((#2475));
#2475=SURFACE_STYLE_USAGE(.BOTH.,#2476);
#2476=SURFACE_SIDE_STYLE('',(#2477));
#2477=SURFACE_STYLE_FILL_AREA(#2478);
#2478=FILL_AREA_STYLE('Steel - Satin',(#2479));
#2479=FILL_AREA_STYLE_COLOUR('Steel - Satin',#2480);
#2480=COLOUR_RGB('Steel - Satin',0.627450980392157,0.627450980392157,0.627450980392157);
ENDSEC;
END-ISO-10303-21;
